DateTime,Construction,Education and health services,Financial activities,Information,Leisure and hospitality,Manufacturing,Natural resources and mining,Other services,Professional and business services,"Trade, transportation, and utilities"
1/1/10 0:00,5390000,18825000,7553000,2752000,13419000,11457000,1634000,4400000,16632000,24821000
2/1/10 0:00,5359000,18795000,7517000,2739000,13334000,11434000,1655000,4382000,16616000,24571000
3/1/10 0:00,5319000,18757000,7481000,2735000,13254000,11423000,1669000,4366000,16575000,24356000
4/1/10 0:00,5302000,18781000,7473000,2729000,13278000,11434000,1684000,4374000,16624000,24350000
5/1/10 0:00,5297000,18806000,7471000,2723000,13315000,11471000,1700000,4381000,16658000,24367000
6/1/10 0:00,5294000,18835000,7454000,2720000,13330000,11482000,1706000,4382000,16674000,24381000
7/1/10 0:00,5287000,18886000,7457000,2716000,13356000,11508000,1697000,4383000,16714000,24404000
8/1/10 0:00,5278000,18917000,7456000,2709000,13389000,11499000,1691000,4386000,16743000,24439000
9/1/10 0:00,5277000,18937000,7452000,2707000,13419000,11527000,1694000,4391000,16812000,24468000
10/1/10 0:00,5272000,18971000,7447000,2699000,13439000,11534000,1704000,4401000,16882000,24466000
11/1/10 0:00,5264000,19006000,7451000,2692000,13454000,11551000,1705000,4409000,16939000,24472000
12/1/10 0:00,5239000,19027000,7442000,2687000,13476000,11567000,1719000,4389000,16998000,24504000
1/1/11 0:00,5263000,19055000,7453000,2689000,13487000,11597000,1741000,4393000,17076000,24552000
2/1/11 0:00,5263000,19096000,7456000,2697000,13527000,11622000,1748000,4399000,17142000,24631000
3/1/11 0:00,5270000,19141000,7462000,2697000,13552000,11643000,1755000,4419000,17225000,24677000
4/1/11 0:00,5287000,19208000,7470000,2697000,13575000,11668000,1774000,4443000,17294000,24746000
5/1/11 0:00,5295000,19245000,7467000,2700000,13556000,11671000,1778000,4456000,17360000,24798000
6/1/11 0:00,5317000,19246000,7477000,2697000,13558000,11706000,1790000,4465000,17434000,24826000
7/1/11 0:00,5333000,19285000,7476000,2704000,13582000,11712000,1791000,4466000,17523000,24863000
8/1/11 0:00,5346000,19324000,7474000,2707000,13605000,11747000,1792000,4470000,17595000,24886000
9/1/11 0:00,5351000,19381000,7483000,2708000,13646000,11763000,1828000,4481000,17661000,24921000
10/1/11 0:00,5359000,19381000,7483000,2712000,13708000,11789000,1844000,4491000,17614000,24970000
11/1/11 0:00,5371000,19390000,7484000,2715000,13760000,11808000,1862000,4507000,17630000,25011000
12/1/11 0:00,5386000,19405000,7484000,2718000,13806000,11821000,1867000,4515000,17647000,25016000
1/1/12 0:00,5402000,19451000,7505000,2714000,13888000,11829000,1876000,4518000,17738000,25062000
2/1/12 0:00,5417000,19504000,7528000,2703000,13962000,11850000,1888000,4536000,17785000,25124000
3/1/12 0:00,5426000,19543000,7535000,2696000,14010000,11873000,1901000,4555000,17838000,25157000
4/1/12 0:00,5439000,19602000,7547000,2694000,14068000,11896000,1913000,4528000,17902000,25178000
5/1/12 0:00,5443000,19650000,7557000,2695000,14083000,11911000,1915000,4490000,17948000,25182000
6/1/12 0:00,5433000,19765000,7558000,2698000,14114000,11913000,1923000,4441000,18001000,25239000
7/1/12 0:00,5440000,19816000,7560000,2692000,14118000,11933000,1922000,4389000,17995000,25235000
8/1/12 0:00,5458000,19855000,7582000,2687000,14117000,11947000,1936000,4336000,18032000,25273000
9/1/12 0:00,5475000,19919000,7596000,2692000,14142000,11951000,1937000,4300000,18083000,25282000
10/1/12 0:00,5493000,20016000,7615000,2697000,14178000,11957000,1946000,4284000,18198000,25298000
11/1/12 0:00,5513000,20107000,7619000,2700000,14243000,11954000,1947000,4285000,18276000,25334000
12/1/12 0:00,5509000,20070000,7616000,2695000,14231000,11943000,1932000,4244000,18277000,25329000
1/1/13 0:00,5548000,20222000,7622000,2695000,14342000,11967000,1936000,4223000,18343000,25407000
2/1/13 0:00,5588000,20285000,7634000,2707000,14379000,11983000,1931000,4182000,18383000,25414000
3/1/13 0:00,5613000,20333000,7647000,2713000,14410000,11988000,1932000,4169000,18412000,25435000
4/1/13 0:00,5630000,20331000,7654000,2709000,14411000,11989000,1926000,4172000,18417000,25457000
5/1/13 0:00,5653000,20359000,7657000,2703000,14456000,11994000,1930000,4184000,18435000,25512000
6/1/13 0:00,5674000,20327000,7676000,2692000,14479000,12010000,1928000,4183000,18435000,25533000
7/1/13 0:00,5696000,20339000,7688000,2689000,14515000,12010000,1936000,4179000,18473000,25587000
8/1/13 0:00,5720000,20408000,7682000,2696000,14588000,12019000,1932000,4181000,18486000,25650000
9/1/13 0:00,5741000,20423000,7681000,2694000,14630000,12016000,1934000,4191000,18528000,25698000
10/1/13 0:00,5744000,20422000,7685000,2693000,14637000,12028000,1935000,4179000,18560000,25743000
11/1/13 0:00,5761000,20443000,7690000,2695000,14672000,12064000,1939000,4204000,18620000,25758000
12/1/13 0:00,5814000,20586000,7712000,2703000,14766000,12096000,1958000,4238000,18707000,25845000
1/1/14 0:00,5821000,20571000,7695000,2732000,14787000,12093000,1959000,4237000,18764000,25841000
2/1/14 0:00,5839000,20602000,7694000,2736000,14817000,12098000,1970000,4245000,18838000,25880000
3/1/14 0:00,5854000,20632000,7690000,2739000,14849000,12113000,1976000,4240000,18904000,25911000
4/1/14 0:00,5864000,20677000,7693000,2754000,14919000,12127000,1968000,4247000,18973000,25959000
5/1/14 0:00,5889000,20727000,7714000,2759000,14953000,12152000,1957000,4256000,19055000,25988000
6/1/14 0:00,5925000,20779000,7717000,2768000,15000000,12157000,1963000,4263000,19129000,26034000
7/1/14 0:00,5947000,20837000,7727000,2777000,15009000,12167000,1984000,4275000,19185000,26075000
8/1/14 0:00,5979000,20870000,7746000,2789000,15050000,12188000,1984000,4288000,19269000,26111000
9/1/14 0:00,5993000,20879000,7754000,2799000,15079000,12242000,1991000,4287000,19278000,26119000
10/1/14 0:00,6058000,20914000,7748000,2774000,15132000,12262000,2000000,4294000,19363000,26176000
11/1/14 0:00,6094000,20947000,7769000,2784000,15149000,12269000,2005000,4303000,19371000,26261000
12/1/14 0:00,6091000,20982000,7793000,2793000,15213000,12281000,2029000,4305000,19424000,26310000
1/1/15 0:00,6126000,21001000,7813000,2747000,15202000,12291000,2034000,4315000,19432000,26385000
2/1/15 0:00,6131000,21045000,7819000,2743000,15227000,12303000,2013000,4301000,19441000,26448000
3/1/15 0:00,6158000,21082000,7828000,2747000,15265000,12296000,1983000,4311000,19459000,26480000
4/1/15 0:00,6206000,21133000,7844000,2745000,15300000,12308000,1969000,4317000,19501000,26551000
5/1/15 0:00,6237000,21197000,7849000,2758000,15389000,12308000,1952000,4323000,19541000,26631000
6/1/15 0:00,6258000,21241000,7855000,2758000,15412000,12315000,1937000,4325000,19580000,26647000
7/1/15 0:00,6297000,21288000,7864000,2758000,15492000,12327000,1920000,4324000,19614000,26689000
8/1/15 0:00,6321000,21326000,7868000,2744000,15530000,12334000,1888000,4325000,19645000,26735000
9/1/15 0:00,6355000,21399000,7882000,2725000,15581000,12324000,1895000,4337000,19703000,26822000
10/1/15 0:00,6384000,21479000,7910000,2745000,15625000,12325000,1877000,4340000,19714000,26850000
11/1/15 0:00,6391000,21522000,7909000,2753000,15655000,12320000,1857000,4357000,19745000,26845000
12/1/15 0:00,6431000,21539000,7899000,2760000,15660000,12322000,1864000,4377000,19785000,26862000
1/1/16 0:00,6461000,21601000,7919000,2791000,15704000,12328000,1862000,4370000,19811000,26870000
2/1/16 0:00,6492000,21620000,7947000,2794000,15779000,12330000,1836000,4388000,19884000,26898000
3/1/16 0:00,6505000,21680000,7962000,2797000,15801000,12327000,1818000,4396000,19925000,26915000
4/1/16 0:00,6530000,21742000,7981000,2802000,15867000,12319000,1781000,4401000,19986000,26964000
5/1/16 0:00,6547000,21765000,7998000,2804000,15863000,12326000,1757000,4403000,19993000,26966000
6/1/16 0:00,6571000,21815000,8020000,2816000,15933000,12328000,1750000,4414000,20041000,26998000
7/1/16 0:00,6588000,21845000,8030000,2819000,15973000,12333000,1750000,4419000,20103000,27036000
8/1/16 0:00,6609000,21879000,8039000,2829000,15996000,12330000,1725000,4425000,20143000,27044000
9/1/16 0:00,6628000,21937000,8055000,2844000,16027000,12329000,1744000,4433000,20178000,27025000
10/1/16 0:00,6636000,21985000,8062000,2840000,16047000,12333000,1747000,4442000,20210000,27055000
11/1/16 0:00,6659000,22048000,8080000,2845000,16094000,12337000,1763000,4428000,20241000,27076000
12/1/16 0:00,6673000,22123000,8105000,2813000,16102000,12335000,1779000,4428000,20214000,27106000
1/1/17 0:00,6704000,22186000,8102000,2800000,16132000,12357000,1780000,4444000,20254000,27146000
2/1/17 0:00,6722000,22259000,8099000,2799000,16101000,12361000,1793000,4447000,20257000,27153000
3/1/17 0:00,6741000,22238000,8102000,2805000,16141000,12381000,1796000,4450000,20272000,27172000
4/1/17 0:00,6750000,22273000,8117000,2802000,16179000,12396000,1792000,4459000,20300000,27175000
5/1/17 0:00,6772000,22328000,8129000,2796000,16239000,12403000,1790000,4466000,20358000,27206000
6/1/17 0:00,6792000,22390000,8132000,2784000,16267000,12411000,1811000,4468000,20397000,27222000
7/1/17 0:00,6821000,22452000,8139000,2790000,16284000,12412000,1816000,4476000,20422000,27227000
8/1/17 0:00,6844000,22499000,8150000,2796000,16305000,12422000,1821000,4480000,20423000,27265000
9/1/17 0:00,6867000,22547000,8159000,2794000,16335000,12442000,1818000,4486000,20497000,27305000
10/1/17 0:00,6885000,22585000,8158000,2799000,16375000,12454000,1835000,4482000,20519000,27268000
11/1/17 0:00,6911000,22587000,8160000,2790000,16398000,12491000,1870000,4500000,20565000,27297000
12/1/17 0:00,6931000,22595000,8158000,2801000,16436000,12515000,1885000,4500000,20648000,27314000
1/1/18 0:00,6955000,22625000,8199000,2838000,16467000,12544000,1887000,4506000,20702000,27305000
2/1/18 0:00,7003000,22658000,8206000,2854000,16507000,12584000,1867000,4513000,20733000,27329000
3/1/18 0:00,7042000,22721000,8215000,2836000,16494000,12606000,1849000,4511000,20799000,27370000
4/1/18 0:00,7068000,22760000,8211000,2841000,16459000,12630000,1839000,4514000,20814000,27390000
5/1/18 0:00,7089000,22792000,8211000,2853000,16479000,12655000,1822000,4518000,20825000,27390000
6/1/18 0:00,7126000,22824000,8227000,2853000,16503000,12695000,1821000,4532000,20865000,27396000
7/1/18 0:00,7130000,22844000,8243000,2849000,16582000,12721000,1812000,4534000,20903000,27395000
8/1/18 0:00,7149000,22895000,8267000,2842000,16663000,12754000,1824000,4538000,20951000,27374000
9/1/18 0:00,7168000,22916000,8268000,2850000,16686000,12770000,1843000,4537000,20943000,27356000
10/1/18 0:00,7197000,22932000,8281000,2854000,16722000,12797000,1855000,4552000,20991000,27411000
11/1/18 0:00,7219000,23004000,8299000,2865000,16697000,12805000,1851000,4555000,21039000,27451000
12/1/18 0:00,7230000,23016000,8304000,2864000,16701000,12811000,1867000,4548000,21033000,27435000
1/1/19 0:00,7270000,23113000,8292000,2862000,16780000,12825000,1879000,4556000,21088000,27552000
2/1/19 0:00,7277000,23181000,8320000,2861000,16785000,12838000,1866000,4562000,21150000,27537000
3/1/19 0:00,7281000,23218000,8324000,2860000,16770000,12833000,1863000,4566000,21150000,27475000
4/1/19 0:00,7295000,23241000,8337000,2853000,16787000,12832000,1852000,4568000,21172000,27456000
5/1/19 0:00,7305000,23335000,8351000,2841000,16781000,12831000,1846000,4569000,21187000,27460000
6/1/19 0:00,7304000,23361000,8352000,2853000,16791000,12832000,1850000,4557000,21182000,27437000
7/1/19 0:00,7322000,23398000,8358000,2860000,16732000,12838000,1850000,4560000,21183000,27454000
8/1/19 0:00,7333000,23412000,8359000,2872000,16680000,12835000,1851000,4553000,21195000,27467000
9/1/19 0:00,7342000,23431000,8370000,2875000,16591000,12827000,1864000,4546000,21207000,27315000
10/1/19 0:00,7352000,23469000,8380000,2872000,16540000,12814000,1873000,4532000,21232000,27378000
11/1/19 0:00,7354000,23481000,8392000,2868000,16486000,12807000,1866000,4520000,21242000,27447000
12/1/19 0:00,7374000,23592000,8414000,2883000,16566000,12814000,1884000,4524000,21287000,27573000
1/1/20 0:00,7365000,23557000,8430000,2894000,16578000,12780000,1864000,4509000,21247000,27403000
2/1/20 0:00,7401000,23595000,8433000,2905000,16500000,12747000,1839000,4500000,21271000,27541000
3/1/20 0:00,7405000,23593000,8432000,2907000,16414000,12728000,1816000,4497000,21278000,27560000
4/1/20 0:00,7122000,22749000,8192000,2793000,14720000,12291000,1735000,4331000,20549000,26055000
5/1/20 0:00,7056000,22307000,8061000,2721000,13911000,11953000,1646000,4223000,20108000,25324000
6/1/20 0:00,7054000,22299000,8051000,2723000,13779000,11955000,1619000,4205000,20064000,25453000
7/1/20 0:00,7041000,22214000,8067000,2683000,13694000,11952000,1601000,4149000,20035000,25749000
8/1/20 0:00,7059000,22173000,8077000,2682000,13600000,11954000,1607000,4110000,20069000,25964000
9/1/20 0:00,7076000,22265000,8142000,2701000,13587000,12005000,1629000,4107000,20175000,26532000
10/1/20 0:00,7122000,22348000,8194000,2715000,13635000,12047000,1639000,4097000,20337000,26727000
11/1/20 0:00,7172000,22432000,8271000,2718000,13659000,12093000,1654000,4096000,20507000,26824000
12/1/20 0:00,7193000,22664000,8351000,2733000,13618000,12148000,1672000,4086000,20673000,27003000
1/1/21 0:00,7231000,22767000,8335000,2755000,13540000,12222000,1683000,4078000,20846000,27134000
2/1/21 0:00,7251000,22760000,8351000,2770000,13517000,12254000,1688000,4075000,20921000,27194000
3/1/21 0:00,7277000,22794000,8361000,2781000,13558000,12281000,1690000,4081000,21011000,27351000
4/1/21 0:00,7298000,22799000,8349000,2790000,13635000,12274000,1685000,4108000,21055000,27244000
5/1/21 0:00,7315000,22780000,8310000,2780000,13777000,12270000,1673000,4118000,21143000,27196000
6/1/21 0:00,7324000,22768000,8296000,2778000,14024000,12290000,1675000,4135000,21239000,27184000
7/1/21 0:00,7320000,22802000,8336000,2819000,14624000,12328000,1674000,4181000,21338000,27306000
8/1/21 0:00,7343000,22860000,8361000,2852000,15363000,12369000,1680000,4219000,21452000,27477000
9/1/21 0:00,7378000,22919000,8424000,2900000,15682000,12438000,1708000,4265000,21632000,27524000
10/1/21 0:00,7397000,22957000,8501000,2945000,15855000,12487000,1716000,4284000,21796000,27728000
11/1/21 0:00,7421000,22989000,8541000,2976000,15893000,12544000,1716000,4298000,21910000,27975000
12/1/21 0:00,7464000,23077000,8582000,3011000,15906000,12591000,1741000,4307000,22095000,28188000
1/1/22 0:00,7505000,23126000,8569000,2995000,15789000,12614000,1746000,4334000,22176000,28325000
2/1/22 0:00,7541000,23205000,8604000,3017000,15804000,12669000,1739000,4355000,22334000,28442000
3/1/22 0:00,7566000,23295000,8594000,3030000,15769000,12719000,1740000,4374000,22431000,28469000
4/1/22 0:00,7599000,23357000,8596000,3056000,15837000,12774000,1742000,4389000,22558000,28401000
5/1/22 0:00,7618000,23441000,8609000,3061000,15912000,12817000,1735000,4399000,22633000,28330000
6/1/22 0:00,7651000,23522000,8641000,3061000,16122000,12857000,1728000,4418000,22718000,28333000
7/1/22 0:00,7684000,23607000,8680000,3066000,16300000,12887000,1719000,4442000,22795000,28375000
8/1/22 0:00,7707000,23679000,8706000,3069000,16410000,12902000,1717000,4465000,22830000,28395000
9/1/22 0:00,7735000,23792000,8715000,3077000,16499000,12916000,1737000,4494000,22867000,28491000
10/1/22 0:00,7746000,23879000,8719000,3071000,16537000,12939000,1749000,4506000,22885000,28510000
11/1/22 0:00,7756000,23969000,8722000,3073000,16578000,12928000,1760000,4523000,22907000,28545000
12/1/22 0:00,7777000,24047000,8703000,3071000,16561000,12933000,1758000,4526000,22849000,28658000
1/1/23 0:00,7777000,24134000,8693000,3071000,16665000,12941000,1762000,4533000,22866000,28689000
2/1/23 0:00,7794000,24233000,8706000,3063000,16686000,12948000,1758000,4553000,22797000,28750000
3/1/23 0:00,7801000,24287000,8725000,3057000,16657000,12936000,1750000,4566000,22759000,28697000
4/1/23 0:00,7817000,24407000,8728000,3046000,16696000,12929000,1741000,4582000,22745000,28677000
5/1/23 0:00,7822000,24463000,8723000,3037000,16737000,12936000,1727000,4597000,22725000,28653000
6/1/23 0:00,7840000,24605000,8718000,3020000,16741000,12927000,1740000,4609000,22717000,28646000
7/1/23 0:00,7847000,24702000,8715000,3015000,16767000,12911000,1734000,4615000,22730000,28667000
8/1/23 0:00,7867000,24771000,8706000,3007000,16814000,12908000,1737000,4611000,22706000,28695000
9/1/23 0:00,7882000,24848000,8724000,2995000,16854000,12896000,1773000,4610000,22656000,28678000
10/1/23 0:00,7907000,24925000,8724000,2994000,16901000,12876000,1788000,4618000,22605000,28709000
11/1/23 0:00,7930000,25028000,8729000,2980000,16922000,12861000,1797000,4617000,22561000,28722000
12/1/23 0:00,7948000,25129000,8738000,2972000,16951000,12846000,1799000,4635000,22569000,28653000
1/1/24 0:00,7973000,25199000,8737000,2965000,16973000,12845000,1794000,4644000,22588000,28652000
2/1/24 0:00,7997000,25272000,8738000,2961000,16944000,12833000,1789000,4655000,22599000,28674000
3/1/24 0:00,8022000,25323000,8729000,2951000,16979000,12828000,1782000,4663000,22571000,28695000
4/1/24 0:00,8049000,25362000,8738000,2951000,16990000,12823000,1773000,4671000,22582000,28718000
5/1/24 0:00,8090000,25443000,8756000,2947000,16990000,12807000,1755000,4685000,22603000,28743000
6/1/24 0:00,8116000,25488000,8769000,2949000,17034000,12802000,1753000,4697000,22607000,28741000
7/1/24 0:00,8148000,25531000,8769000,2943000,17043000,12796000,1753000,4708000,22566000,28743000
8/1/24 0:00,8171000,25599000,8785000,2940000,17076000,12793000,1771000,4732000,22571000,28742000
9/1/24 0:00,8197000,25639000,8783000,2939000,17140000,12781000,1789000,4749000,22583000,28774000
10/1/24 0:00,8220000,25690000,8799000,2937000,17201000,12778000,1800000,4763000,22610000,28798000
11/1/24 0:00,8249000,25744000,8812000,2941000,17315000,12772000,1805000,4772000,22617000,28770000
12/1/24 0:00,8267000,25773000,8824000,2949000,17355000,12780000,1816000,4782000,22636000,28791000
1/1/25 0:00,8282000,25795000,8839000,2965000,17409000,12763000,1820000,4795000,22653000,28838000
2/1/25 0:00,8308000,25770000,8863000,2953000,17456000,12778000,1819000,4813000,22675000,28807000
3/1/25 0:00,8310000,25785000,8901000,2956000,17479000,12795000,1816000,4823000,22721000,28803000
4/1/25 0:00,8328000,25757000,8925000,2946000,17499000,12798000,1823000,4822000,22722000,28830000
5/1/25 0:00,8334000,25741000,8942000,2950000,17542000,12792000,1820000,4827000,22709000,28822000
6/1/25 0:00,8342000,25693000,8930000,2956000,17575000,12810000,1828000,4834000,22652000,28835000
7/1/25 0:00,8357000,25655000,8958000,2965000,17621000,12817000,1837000,4836000,22661000,28853000
8/1/25 0:00,8367000,25673000,8966000,2952000,17631000,12799000,1847000,4826000,22660000,28836000
9/1/25 0:00,8362000,25706000,8957000,2955000,17612000,12797000,1851000,4810000,22647000,28829000