observation_date,Hires: Total Private,Job Openings: Total Private,Layoffs and Discharges: Total Private,Other Separations: Total Private,Quits: Total Private,Total Separations: Total Private,Hires: Construction,Job Openings: Construction,Quits: Construction,Hires: Manufacturing,Job Openings: Manufacturing,Quits: Manufacturing,Total Separations: Manufacturing,Job Openings: Durable Goods Manufacturing,"Job Openings: Trade, Transportation, and Utilities",Hires: Retail Trade,Job Openings: Retail Trade,Hires: Professional and Business Services,Job Openings: Professional and Business Services,Quits: Professional and Business Services,Job Openings: Private Education and Health Services,Hires: Health Care and Social Assistance,Job Openings: Health Care and Social Assistance,Quits: Health Care and Social Assistance,Hires: Leisure and Hospitality,Job Openings: Leisure and Hospitality,Quits: Leisure and Hospitality,"Job Openings: Arts, Entertainment, and Recreation",Hires: Accommodation and Food Services,Job Openings: Accommodation and Food Services,Quits: Accommodation and Food Services,Hires: Government,Job Openings: Government,Layoffs and Discharges: Government,Other Separations: Government,Quits: Government,Hires: State and Local,Job Openings: State and Local,Hires: Total Nonfarm,Job Openings: Total Nonfarm,Layoffs and Discharges: Total Nonfarm,Other Separations: Total Nonfarm,Quits: Total Nonfarm,Total Separations: Total Nonfarm,Job Openings: Mining and Logging,Layoffs and Discharges: Construction,Layoffs and Discharges: Manufacturing,Layoffs and Discharges: Retail Trade,"Job Openings: Transportation, Warehousing, and Utilities",Job Openings: Financial Activities,Hires: Information,Job Openings: Information,Layoffs and Discharges: Information,Quits: Information,Hires: Finance and Insurance,Job Openings: Finance and Insurance,Layoffs and Discharges: Finance and Insurance,Job Openings: Real Estate and Rental and Leasing,Layoffs and Discharges: Professional and Business Services,Layoffs and Discharges: Health Care and Social Assistance
2000-12-01,5084,4541,1908,296,2739,4942,414,233,107,504,425,321,575,301,784,981,502,966,871,467,919,459,864,283,890,566,571,42,759,525,530,342,548,111,44,143,302,481,5426,5088,2018,340,2882,5240,7,384,232,536,93,250,78,130,23,52,142,187,24,63,504,95
2001-01-01,5385,4752,2126,326,3086,5538,495,241,161,498,445,296,572,304,955,900,533,1129,888,573,842,446,801,271,919,654,671,57,792,597,638,337,482,94,50,160,296,413,5722,5234,2220,377,3245,5842,13,348,304,672,181,298,182,261,70,116,260,247,94,51,726,131
2001-02-01,4938,4619,1756,275,2885,4917,486,253,180,438,420,254,529,281,962,758,586,928,1032,445,808,466,751,302,878,601,557,43,750,558,505,366,479,99,48,168,338,416,5303,5097,1855,323,3053,5231,8,285,202,168,145,253,125,149,42,52,141,212,25,41,371,78
2001-03-01,5182,4316,2033,336,2889,5259,575,188,196,466,436,241,560,249,687,802,431,946,901,510,818,474,761,300,935,695,558,126,800,568,510,346,445,100,43,164,309,388,5528,4762,2133,379,3054,5566,17,256,249,150,99,276,100,128,21,50,147,200,22,76,360,78
2001-04-01,4871,4125,1791,315,3032,5139,458,226,201,443,354,228,567,236,848,827,502,764,834,575,708,422,645,285,998,582,605,49,847,533,538,334,490,92,53,131,299,425,5204,4615,1883,367,3163,5414,18,169,308,203,149,254,143,177,55,102,172,210,52,45,328,71
2001-05-01,5043,3940,1934,318,2814,5066,480,224,180,398,327,206,549,217,721,933,487,949,750,523,812,437,740,271,921,527,574,57,767,470,510,367,486,95,51,179,328,417,5410,4425,2029,368,2993,5390,12,213,266,250,107,248,113,94,37,79,158,197,39,52,380,89
2001-06-01,4748,3830,1927,314,2745,4986,451,174,172,398,324,205,553,204,714,812,462,921,768,500,765,438,716,267,873,447,551,63,716,384,487,361,531,88,42,133,321,468,5109,4361,2015,356,2878,5249,10,204,295,227,122,245,115,90,55,70,162,210,26,35,348,112
2001-07-01,4895,3937,1957,343,2786,5086,444,178,182,371,308,172,506,191,677,808,409,946,756,515,804,462,749,263,928,588,563,78,762,509,504,350,509,81,51,161,305,458,5244,4447,2038,394,2947,5380,16,195,295,247,167,297,134,132,45,107,167,231,48,66,416,145
2001-08-01,4860,3537,1896,368,2760,5023,410,127,163,364,266,186,518,151,580,823,347,990,594,493,847,439,791,262,870,544,596,62,714,482,530,363,487,115,49,168,328,432,5223,4024,2011,416,2928,5355,14,248,258,220,140,245,118,104,45,87,157,179,29,66,455,127
2001-09-01,4647,3637,2026,317,2569,4913,427,167,154,343,338,174,464,221,606,839,384,850,644,442,772,455,717,273,876,540,563,77,738,463,511,307,434,81,57,134,283,380,4954,4071,2107,374,2703,5184,10,252,236,306,103,253,96,65,47,59,113,204,40,49,367,95
2001-10-01,4753,3249,2219,304,2654,5177,458,141,165,387,265,193,553,155,647,853,417,849,576,459,758,455,704,252,830,375,536,58,686,316,496,325,458,100,46,141,290,398,5078,3707,2319,350,2795,5464,13,323,353,294,133,217,125,86,62,87,159,169,47,47,533,150
2001-11-01,4595,3288,2183,289,2409,4881,453,164,175,371,230,179,493,124,630,767,419,806,604,383,733,443,682,258,819,452,466,65,701,387,414,319,486,71,47,151,284,433,4914,3775,2255,335,2560,5150,6,350,284,252,114,178,107,69,65,53,126,139,33,39,395,92
2001-12-01,4495,3229,1839,317,2398,4553,455,124,143,386,231,157,464,145,612,750,427,804,585,401,746,426,697,256,810,434,483,66,684,368,419,334,449,84,51,160,294,402,4829,3677,1922,368,2559,4848,15,373,302,418,82,183,75,83,42,60,110,142,31,40,354,79
2002-01-01,4532,3289,1818,314,2693,4824,426,129,171,364,262,171,478,161,616,728,399,869,592,535,756,450,696,245,780,356,542,44,664,313,475,323,410,89,52,152,283,363,4855,3699,1907,365,2845,5117,17,323,338,517,105,365,114,142,83,77,198,288,71,77,440,157
2002-02-01,4485,2939,1885,321,2409,4615,427,110,162,408,261,198,486,151,545,723,354,811,418,403,766,425,704,238,826,414,523,59,693,355,454,316,498,93,58,163,272,446,4801,3436,1978,379,2572,4929,16,262,211,287,78,154,79,98,31,47,104,128,45,27,269,101
2002-03-01,4376,3164,1791,325,2356,4472,428,139,147,369,243,185,441,138,623,712,367,850,548,413,718,406,673,200,775,410,534,81,634,330,462,331,448,92,56,137,291,395,4706,3612,1883,380,2493,4756,4,208,200,179,83,205,89,91,38,48,107,175,37,30,287,103
2002-04-01,4588,3025,1854,341,2467,4663,431,120,166,422,245,198,463,143,562,738,331,850,541,414,702,438,650,245,828,376,525,57,700,319,469,340,446,102,57,157,291,396,4928,3471,1956,398,2624,4979,9,219,236,196,127,267,112,101,60,57,167,204,38,63,418,116
2002-05-01,4509,3005,1870,277,2403,4550,408,136,158,411,239,197,471,148,527,763,321,850,567,455,654,420,612,258,800,399,513,61,671,339,442,347,452,97,54,134,298,399,4857,3457,1967,330,2537,4834,5,207,204,295,106,192,81,96,34,48,157,147,58,44,289,104
2002-06-01,4554,3007,1926,291,2372,4590,438,140,126,400,250,191,444,153,569,780,366,774,514,377,760,429,658,239,782,342,488,44,656,298,440,315,405,89,58,150,280,375,4869,3412,2015,349,2522,4887,8,225,211,209,87,220,94,56,48,51,153,168,60,52,298,147
2002-07-01,4615,2927,1969,329,2418,4716,467,102,174,417,256,194,452,167,567,789,391,828,543,420,689,439,635,245,798,376,484,44,700,332,429,331,440,133,61,144,291,391,4946,3367,2102,390,2561,5054,9,280,214,278,93,216,97,109,46,78,152,181,46,35,413,144
2002-08-01,4522,3073,1821,298,2414,4532,421,114,158,382,231,204,458,147,575,735,376,847,617,436,710,411,657,237,821,395,476,51,686,345,422,349,444,102,64,147,298,393,4871,3517,1923,362,2561,4846,9,237,210,255,99,194,91,73,39,62,125,154,48,40,297,145
2002-09-01,4556,2910,1903,315,2365,4582,468,142,168,404,240,194,459,144,507,767,334,811,572,406,712,406,660,215,807,351,491,35,669,316,433,323,390,119,61,156,269,342,4879,3301,2022,376,2521,4919,6,269,213,275,61,162,76,66,30,65,139,134,40,28,334,110
2002-10-01,4460,3095,1831,304,2277,4411,449,126,145,370,211,171,449,138,565,733,360,856,645,407,657,411,614,245,786,382,457,50,676,332,405,337,384,104,72,146,285,353,4798,3479,1935,375,2423,4733,10,347,253,305,108,282,111,86,44,55,151,226,31,55,427,114
2002-11-01,4443,3086,1837,337,2248,4422,418,110,127,378,228,174,437,136,504,752,308,830,590,414,762,414,715,220,803,406,433,65,662,341,405,348,427,107,65,155,297,378,4792,3514,1944,402,2403,4750,5,304,215,265,101,197,82,70,47,43,119,171,38,27,327,93
2002-12-01,4575,2797,1922,344,2355,4621,444,111,139,369,230,158,427,140,470,760,288,866,559,447,635,436,584,259,828,377,471,43,674,334,428,318,372,85,77,146,276,330,4893,3169,2007,421,2501,4928,3,346,263,414,78,199,50,51,30,55,130,161,43,37,423,105
2003-01-01,4710,3007,2002,358,2287,4647,477,107,145,414,201,172,442,117,555,738,366,859,684,395,640,461,590,243,857,392,473,34,699,358,425,349,435,107,57,142,303,377,5058,3441,2109,415,2429,4953,5,392,292,563,96,264,101,119,68,74,190,215,67,50,447,147
2003-02-01,4413,2844,1893,309,2353,4555,363,92,147,366,191,182,454,117,538,755,337,861,623,388,594,405,554,237,801,362,501,35,666,326,450,301,386,122,57,137,265,339,4714,3229,2015,366,2490,4871,6,241,193,305,96,183,72,69,48,41,112,129,32,54,306,91
2003-03-01,4176,2734,1837,340,2260,4438,414,90,138,341,209,151,403,136,509,686,324,691,575,374,582,410,539,218,779,352,470,32,644,320,424,294,365,111,66,134,252,314,4470,3099,1949,406,2394,4749,4,222,196,191,74,183,78,78,41,33,111,132,43,52,252,97
2003-04-01,4291,2768,1885,311,2142,4339,461,138,98,320,187,159,426,109,513,714,355,782,523,361,611,397,565,213,787,371,466,41,639,331,420,309,340,113,64,137,285,311,4600,3108,1998,376,2279,4653,5,251,225,238,80,246,83,58,34,54,154,175,27,71,420,121
2003-05-01,4396,2957,1951,290,2147,4388,448,104,155,329,196,172,395,109,536,699,357,795,640,322,651,419,600,232,843,430,443,66,678,364,404,281,333,121,63,144,248,289,4678,3289,2072,353,2291,4716,8,203,160,181,85,193,95,51,36,54,139,157,34,36,364,129
2003-06-01,4365,2988,1960,279,2188,4427,462,112,158,335,197,154,399,112,566,708,347,788,660,360,603,411,548,231,807,424,483,65,671,359,428,317,401,116,47,127,279,344,4682,3390,2076,327,2315,4718,8,199,206,245,135,185,89,59,47,46,135,140,31,45,328,150
2003-07-01,4313,2636,1953,276,2129,4357,456,136,152,339,186,169,434,110,485,676,310,797,538,327,540,401,488,222,775,338,467,49,643,289,428,326,345,109,52,142,292,283,4639,2981,2062,328,2271,4661,13,268,231,217,103,279,99,68,42,65,144,197,54,83,395,173
2003-08-01,4414,2876,2040,265,2043,4348,505,112,144,358,220,162,385,137,565,716,361,802,609,305,562,395,521,225,815,389,430,56,679,332,379,252,314,122,58,152,219,258,4666,3190,2162,322,2195,4679,6,346,183,262,98,229,85,58,41,56,115,181,36,48,411,161
2003-09-01,4524,2756,1828,297,2216,4341,455,79,150,354,194,167,389,123,533,725,349,810,583,351,551,456,513,267,824,396,399,46,689,350,345,275,335,104,63,138,242,287,4799,3091,1932,359,2354,4645,8,256,171,188,83,205,80,97,36,44,136,162,42,42,326,129
2003-10-01,4556,2923,1874,313,2279,4465,442,105,148,367,223,180,393,138,515,769,333,810,585,344,612,411,561,241,843,458,485,63,709,394,435,346,382,95,53,136,307,329,4902,3305,1969,365,2415,4749,8,321,196,260,98,227,104,109,41,66,132,181,37,46,444,115
2003-11-01,4481,3011,1846,275,2274,4395,483,118,163,367,242,178,385,157,554,692,344,813,627,333,582,406,533,236,836,438,489,51,701,387,437,287,313,105,63,137,252,265,4767,3324,1951,338,2411,4700,5,341,173,268,101,207,69,50,33,30,106,156,29,50,349,92
2003-12-01,4659,3087,1902,273,2297,4471,474,135,181,371,243,193,398,142,628,774,405,836,634,334,565,404,521,239,872,446,468,59,736,387,425,325,326,106,61,147,284,272,4984,3414,2007,334,2444,4785,8,306,183,469,85,178,62,71,36,31,97,145,27,34,447,68
2004-01-01,4603,3095,1929,275,2220,4424,467,170,157,379,238,183,378,142,546,787,346,822,556,315,613,430,568,260,842,454,435,77,707,376,398,297,329,108,56,133,261,272,4900,3424,2037,331,2354,4722,9,354,216,492,83,325,81,106,51,43,175,275,48,49,557,119
2004-02-01,4469,3181,1882,262,2299,4443,448,125,165,373,231,182,391,140,590,763,415,709,620,337,611,428,560,236,854,467,485,77,719,389,447,319,351,103,59,149,275,298,4788,3532,1985,321,2448,4754,6,275,159,320,73,260,82,82,35,40,107,215,26,45,253,107
2004-03-01,4873,3159,1939,293,2438,4670,543,149,173,391,249,186,390,153,629,815,399,804,570,385,634,425,578,248,913,443,517,56,770,387,473,354,366,126,56,144,317,313,5227,3525,2065,349,2582,4996,9,232,155,196,103,204,74,75,36,35,119,172,32,32,318,98
2004-04-01,4827,3158,1912,263,2388,4564,457,146,170,407,269,192,372,166,600,852,402,857,624,320,625,425,577,261,886,410,490,38,749,372,439,325,353,98,47,146,273,298,5152,3511,2010,310,2534,4854,11,206,153,279,82,288,96,91,30,56,160,241,23,47,464,113
2004-05-01,4676,3343,1813,286,2282,4382,464,150,155,392,288,174,371,177,650,762,435,806,676,312,625,416,574,235,899,429,521,54,747,374,475,300,367,101,60,145,274,336,4976,3710,1914,346,2428,4688,7,190,143,235,84,234,79,91,27,32,137,195,23,38,358,113
2004-06-01,4716,3002,1774,296,2515,4584,484,116,195,382,265,192,378,171,620,742,395,868,584,404,538,380,496,237,875,466,502,58,730,408,459,293,335,113,54,145,254,286,5009,3337,1887,350,2659,4896,10,190,144,178,85,199,100,79,42,48,169,163,31,36,334,128
2004-07-01,4586,3482,1776,277,2471,4524,408,124,147,377,283,182,377,177,702,788,435,808,686,378,611,408,555,268,878,516,504,51,726,465,451,305,332,109,56,138,269,292,4891,3814,1885,333,2609,4828,11,222,167,248,121,320,76,107,25,59,155,276,36,44,347,104
2004-08-01,4704,3215,1867,291,2453,4612,444,148,155,414,267,173,398,164,602,766,397,830,642,379,601,428,546,251,876,465,516,53,736,412,464,310,326,106,54,133,276,289,5013,3541,1974,345,2586,4904,9,256,193,173,85,263,80,79,24,71,146,208,65,55,363,138
2004-09-01,4728,3475,1910,278,2394,4581,440,112,169,382,260,187,399,168,758,746,527,890,679,403,603,420,552,225,906,524,489,70,734,454,444,334,346,117,50,137,301,296,5062,3821,2027,329,2531,4886,9,221,172,219,73,306,76,93,41,39,140,251,37,55,368,149
2004-10-01,4814,3557,1783,273,2415,4471,496,148,171,369,279,175,373,182,665,806,462,870,777,355,671,397,586,236,874,486,496,53,735,432,444,335,386,121,60,135,300,339,5149,3943,1903,332,2550,4786,10,290,192,242,94,281,89,116,35,44,168,233,38,48,385,98
2004-11-01,4831,3114,1897,253,2653,4804,449,146,177,388,242,219,417,155,532,821,317,907,673,437,626,438,570,259,886,428,547,82,765,346,491,350,358,139,55,136,306,306,5181,3472,2037,308,2789,5134,9,301,175,263,81,216,61,52,18,42,140,174,35,42,405,100
2004-12-01,4819,3674,1815,266,2553,4633,462,175,156,371,269,201,402,181,684,817,437,880,881,418,656,435,590,247,861,471,555,112,738,358,493,334,400,136,52,143,285,343,5153,4074,1951,317,2695,4964,10,335,179,497,80,255,44,86,17,33,112,213,36,43,407,105
2005-01-01,4845,3490,1901,254,2589,4744,452,144,193,370,283,186,388,190,643,795,440,871,732,410,610,430,554,255,911,541,543,79,759,462,482,355,314,107,52,143,316,280,5201,3804,2008,305,2732,5045,12,384,221,491,102,331,86,113,42,63,203,277,73,54,460,130
2005-02-01,4948,3598,1951,289,2507,4747,506,166,174,369,280,185,364,188,764,828,484,956,750,413,632,450,589,258,872,525,526,81,719,444,461,328,368,117,68,144,291,321,5276,3965,2068,357,2651,5075,10,256,132,280,106,259,54,67,15,45,110,199,33,59,327,115
2005-03-01,4958,3692,2081,237,2600,4918,473,167,188,371,286,196,383,177,747,853,516,915,736,430,689,458,622,274,911,558,517,96,766,461,463,315,352,107,67,147,276,310,5273,4044,2188,303,2747,5238,13,184,144,264,82,228,84,82,24,48,117,200,42,28,387,132
2005-04-01,5028,3805,1840,244,2600,4684,506,134,157,383,289,189,391,207,781,856,536,921,714,451,666,465,600,285,900,625,533,101,754,524,471,334,353,117,55,142,297,313,5362,4159,1957,299,2741,4998,11,208,168,234,115,342,99,112,19,61,170,251,51,91,464,130
2005-05-01,4954,3448,1911,278,2619,4808,489,120,182,378,268,177,376,188,710,849,455,903,663,447,697,446,626,256,876,535,544,71,745,464,489,317,349,110,48,143,276,305,5271,3797,2021,326,2763,5110,11,193,139,237,106,212,83,70,21,48,154,148,36,64,363,118
2005-06-01,5076,3705,1905,270,2601,4776,485,134,158,365,256,200,381,169,740,840,448,1037,764,433,695,456,601,275,939,577,518,91,776,486,464,300,357,109,56,153,262,315,5376,4062,2015,326,2754,5095,11,194,143,236,154,256,78,102,19,52,153,208,21,47,418,141
2005-07-01,4974,3864,1800,264,2609,4673,421,151,193,388,290,192,385,192,757,867,487,964,837,371,699,447,635,264,933,536,597,99,787,436,534,355,392,98,49,126,318,344,5328,4256,1898,313,2735,4946,16,190,149,256,141,350,102,104,41,44,174,279,34,72,489,110
2005-08-01,5089,3757,1791,303,2800,4893,535,156,222,389,294,191,406,204,758,852,510,955,777,428,693,450,625,264,947,514,592,90,800,424,542,321,384,114,46,157,280,328,5409,4142,1905,348,2957,5210,13,253,168,224,118,295,105,103,36,62,136,239,46,56,362,148
2005-09-01,5167,3952,1910,273,2883,5066,541,153,242,404,330,210,408,228,784,836,514,1022,818,488,719,457,636,278,932,485,626,73,794,412,568,327,399,122,53,163,284,346,5493,4352,2032,326,3046,5404,20,244,151,305,138,310,103,129,27,64,130,221,30,89,349,113
2005-10-01,4807,3818,1765,260,2693,4719,504,182,226,393,270,219,397,197,768,765,470,892,705,360,689,438,610,264,867,505,636,73,731,431,550,317,365,108,50,170,284,321,5124,4184,1873,311,2863,5047,15,231,143,217,140,353,86,121,30,67,162,303,39,50,496,114
2005-11-01,5000,3881,1658,295,2733,4686,505,177,210,385,354,200,401,227,784,744,505,905,783,430,679,441,602,268,922,529,581,61,782,469,523,344,368,110,47,162,301,327,5344,4248,1769,342,2895,5005,13,249,154,215,119,288,95,101,41,43,138,239,23,50,321,87
2005-12-01,4947,3847,1807,348,2697,4852,491,158,230,373,324,180,378,222,703,798,465,936,750,432,691,436,620,256,918,587,558,71,784,517,492,347,435,116,50,152,302,385,5294,4282,1923,397,2849,5170,12,316,166,361,83,379,68,96,27,42,107,293,25,86,437,101
2006-01-01,4952,4001,1656,278,2781,4715,514,171,206,378,319,189,359,230,718,815,465,937,748,508,735,424,654,227,928,634,611,123,818,511,538,319,397,128,53,164,274,349,5271,4397,1784,331,2945,5060,14,339,164,444,91,478,95,150,40,59,179,340,53,138,385,127
2006-02-01,5121,3948,1766,331,2800,4898,483,163,181,385,354,201,401,245,738,881,465,957,770,500,746,430,671,270,957,594,594,82,832,512,543,353,376,116,53,165,305,332,5474,4325,1882,384,2965,5232,16,211,139,269,95,350,101,109,47,51,143,299,45,51,289,84
2006-03-01,5145,4313,1764,340,2786,4891,504,180,197,412,354,200,411,240,918,825,583,1031,853,480,723,438,627,265,943,563,577,64,809,500,513,379,419,124,57,170,325,379,5524,4732,1888,397,2956,5242,16,182,158,171,101,357,84,113,25,45,148,286,32,71,374,98
2006-04-01,4866,4368,1746,365,2618,4729,465,183,207,359,366,182,343,240,795,818,481,866,923,496,728,444,653,254,923,676,499,87,768,589,461,348,422,107,58,161,290,374,5215,4790,1853,423,2778,5055,17,147,126,242,151,432,99,159,35,61,164,355,38,77,385,130
2006-05-01,5145,4034,1878,376,2824,5078,506,158,212,385,296,225,418,190,826,797,511,1084,855,492,691,470,612,283,923,545,580,59,784,487,538,354,429,113,59,178,300,382,5498,4463,1991,435,3002,5428,14,187,142,206,151,330,100,130,16,63,165,253,33,78,418,137
2006-06-01,5093,4201,1689,356,2873,4918,448,170,210,409,343,191,382,220,826,859,540,1018,919,479,719,451,670,293,941,539,642,66,806,473,577,362,413,128,55,169,307,368,5455,4614,1817,412,3042,5271,19,156,147,231,138,343,95,132,21,61,162,247,42,96,329,130
2006-07-01,5203,3907,1741,380,2878,4999,462,175,186,392,297,211,407,204,699,804,417,1070,949,547,630,498,565,284,960,589,571,67,806,522,522,370,488,118,50,168,309,435,5573,4394,1860,430,3047,5336,15,239,155,188,136,277,112,153,26,80,210,204,34,73,378,150
2006-08-01,5004,4277,1676,303,2873,4851,425,189,174,381,340,205,392,206,779,811,494,1020,948,540,766,462,696,288,894,571,592,57,763,514,545,369,432,99,65,183,307,394,5373,4710,1775,368,3056,5199,16,220,153,244,135,290,100,156,26,62,145,221,44,69,326,130
2006-09-01,4869,4264,1714,329,2727,4769,427,165,154,348,336,186,374,215,854,789,520,982,911,517,765,451,686,282,867,575,582,109,761,467,536,419,473,116,52,161,358,438,5288,4737,1831,381,2888,5100,17,223,152,197,152,276,85,162,20,64,174,210,39,65,365,97
2006-10-01,5068,4185,1792,354,2823,4968,419,163,165,346,345,200,379,217,821,800,494,1047,844,569,776,479,711,285,935,588,591,92,790,496,537,307,407,106,56,160,279,372,5375,4591,1898,410,2983,5290,20,268,161,219,182,318,94,164,35,59,194,261,40,57,438,97
2006-11-01,5142,4207,1800,323,2878,5001,468,140,159,363,313,244,417,201,796,815,492,1067,861,520,810,471,736,284,990,616,594,86,848,530,534,352,438,126,57,165,307,402,5495,4645,1926,380,3043,5349,15,337,147,217,125,292,89,152,33,43,143,230,24,62,419,85
2006-12-01,4881,4177,1661,310,2838,4809,444,139,167,374,335,245,428,222,863,749,544,988,795,528,767,468,698,299,926,580,610,84,785,496,542,333,442,111,57,162,292,409,5214,4620,1772,367,2999,5138,16,327,167,352,110,253,66,147,34,35,129,190,42,63,414,90
2007-01-01,5066,4303,1806,329,2775,4910,442,266,155,393,337,227,418,213,897,835,500,1046,957,517,757,463,694,266,925,512,592,83,773,429,550,360,460,116,57,181,302,428,5426,4763,1922,386,2956,5263,16,337,199,434,165,269,107,173,64,52,186,216,57,52,483,111
2007-02-01,4789,4262,1742,294,2776,4813,325,261,146,385,346,216,415,224,787,827,502,951,861,513,725,451,656,290,919,554,584,75,772,478,535,370,438,109,74,156,308,401,5160,4699,1850,369,2933,5152,12,231,156,206,136,270,80,165,43,38,140,213,33,57,308,87
2007-03-01,5110,4527,1782,296,2826,4904,506,184,152,373,377,216,408,237,860,828,474,1029,1004,538,768,468,695,269,908,625,601,88,768,537,544,369,435,100,61,170,301,395,5479,4962,1882,357,2997,5236,17,180,152,178,166,334,68,155,25,45,143,261,47,73,363,122
2007-04-01,4974,4256,1887,301,2739,4926,408,182,155,364,349,203,389,217,865,774,487,1040,953,487,779,459,707,275,964,563,622,77,836,486,577,378,434,113,67,172,308,394,5353,4689,2000,367,2911,5278,17,231,149,241,171,281,99,170,21,59,169,175,43,106,555,112
2007-05-01,5083,4222,1843,261,2831,4935,420,168,161,384,363,214,407,218,736,813,439,1047,909,551,815,488,749,293,937,584,552,64,804,520,506,386,435,125,64,179,316,393,5469,4657,1967,325,3010,5303,14,184,142,242,129,269,90,180,24,41,192,212,31,57,363,128
2007-06-01,4884,4415,1727,287,2744,4758,437,174,144,385,353,200,393,222,816,740,506,881,959,494,819,483,733,261,968,633,636,113,827,520,576,382,444,118,66,166,324,409,5267,4859,1845,353,2910,5108,11,206,146,182,122,271,89,178,23,47,195,206,45,64,285,163
2007-07-01,4893,4150,1757,310,2783,4850,412,183,224,369,360,177,383,233,813,743,498,1005,814,516,735,466,668,277,916,629,633,70,788,559,576,325,449,139,67,169,255,413,5217,4598,1896,378,2951,5225,16,197,184,211,147,329,96,160,39,45,207,251,61,77,402,132
2007-08-01,4958,4086,1914,264,2846,5024,426,163,177,372,320,208,404,208,803,776,458,1019,742,568,802,475,723,292,933,635,604,64,796,572,541,400,460,119,71,169,311,412,5358,4546,2033,335,3014,5382,11,287,168,234,165,309,95,127,40,52,175,236,94,73,344,131
2007-09-01,4954,4204,2079,259,2530,4868,411,137,160,370,320,187,396,190,786,822,462,1041,845,500,871,463,795,244,909,676,448,67,767,609,394,391,448,109,58,161,320,392,5344,4652,2188,317,2691,5197,14,257,174,240,177,260,82,117,24,44,148,221,60,39,426,143
2007-10-01,5068,4207,1893,277,2767,4937,406,166,167,388,280,201,406,165,759,804,442,1102,1049,505,745,480,674,261,935,608,622,76,791,532,570,330,429,106,51,159,302,381,5398,4636,1998,328,2926,5252,13,254,204,235,154,281,75,111,23,45,192,198,71,82,511,125
2007-11-01,4839,4194,1872,311,2627,4811,375,143,160,384,317,192,409,187,781,828,485,975,995,498,768,472,696,275,901,635,594,103,745,532,540,337,452,94,56,157,291,405,5176,4646,1966,367,2784,5118,13,274,191,271,160,206,58,119,18,34,126,158,19,49,444,98
2007-12-01,4771,4104,1809,301,2626,4735,381,145,142,356,307,202,379,167,728,814,417,991,1036,427,781,430,712,258,890,582,590,57,752,525,533,348,441,106,55,148,301,380,5119,4545,1915,356,2773,5045,18,334,166,378,110,227,49,98,23,34,117,156,61,71,519,86
2008-01-01,4762,4211,1885,261,2699,4844,383,158,146,333,287,191,365,170,788,749,450,1016,988,460,746,488,680,279,848,574,588,57,708,517,527,309,413,104,53,149,278,372,5071,4624,1989,313,2847,5149,15,357,190,430,181,432,93,83,40,53,188,296,78,136,583,150
2008-02-01,4755,3848,1907,290,2732,4930,384,136,158,318,268,189,363,144,664,748,390,975,967,585,806,494,740,271,920,552,560,66,758,486,504,322,430,88,53,149,277,388,5077,4279,1995,343,2881,5219,15,211,137,254,125,222,53,62,21,40,129,171,37,51,339,125
2008-03-01,4592,3803,1813,310,2523,4646,396,104,128,317,256,186,361,146,647,733,409,922,920,467,795,485,727,283,844,583,554,74,707,509,510,332,422,104,51,139,299,369,4924,4225,1918,361,2661,4940,13,224,124,181,109,242,60,80,32,29,122,168,51,74,358,125
2008-04-01,4645,3613,1852,321,2690,4863,399,101,161,347,271,184,406,161,649,714,427,909,838,526,715,486,644,307,848,549,548,61,729,488,499,303,422,106,51,147,275,379,4948,4035,1958,372,2837,5167,17,248,183,197,105,244,72,94,23,42,165,162,66,81,440,100
2008-05-01,4371,3753,1848,249,2472,4569,364,167,134,321,278,162,359,164,706,643,450,802,821,440,734,467,668,224,907,555,579,72,767,483,518,321,441,102,46,136,295,394,4691,4194,1950,294,2607,4852,15,209,154,197,118,200,57,76,14,37,130,132,37,68,337,168
2008-06-01,4562,3396,2072,247,2460,4778,379,134,137,313,239,164,385,147,607,741,376,986,736,500,761,447,699,249,802,471,547,53,681,417,491,331,434,100,47,135,306,378,4893,3830,2172,294,2595,5061,16,223,173,305,116,167,75,95,32,31,149,129,52,38,412,169
2008-07-01,4332,3338,1982,241,2361,4583,391,117,192,255,238,135,323,138,630,719,398,847,665,422,765,462,670,261,807,440,528,54,696,385,470,304,411,90,45,128,278,354,4637,3749,2071,285,2489,4845,31,243,163,291,122,228,60,70,21,45,170,165,70,63,414,178
2008-08-01,4390,3289,2088,321,2297,4706,403,79,162,283,249,139,337,144,659,701,441,849,659,384,700,450,633,244,838,431,504,77,680,354,463,292,384,102,49,149,268,340,4682,3674,2190,370,2445,5006,21,273,177,259,116,198,54,77,19,48,142,171,75,27,412,161
2008-09-01,4217,2843,1989,294,2331,4614,333,111,120,303,214,145,381,124,471,655,273,857,631,424,611,446,559,245,795,410,520,56,683,354,465,281,379,99,51,137,261,343,4499,3222,2088,346,2468,4902,13,263,196,220,111,200,67,59,36,31,137,149,59,51,406,129
2008-10-01,4248,2995,2137,311,2216,4664,396,73,113,303,239,143,398,137,640,658,455,831,577,397,665,465,592,256,773,409,494,54,650,355,455,300,382,112,58,130,275,332,4548,3377,2250,368,2347,4965,13,354,245,284,114,158,87,74,55,38,128,120,44,38,499,112
2008-11-01,3830,2845,2177,327,2040,4544,357,70,104,243,189,123,370,107,584,594,417,784,527,397,673,430,606,225,706,349,452,53,611,295,427,274,385,112,45,117,247,338,4104,3231,2290,372,2157,4819,12,427,234,296,81,172,55,61,41,20,123,121,42,51,519,86
2008-12-01,4076,2817,2379,266,1958,4603,350,64,91,264,164,101,412,92,536,625,388,900,578,351,621,442,548,235,738,348,426,50,613,298,396,272,329,103,43,126,248,292,4348,3146,2482,309,2084,4875,12,436,311,426,57,197,47,51,47,23,83,153,58,44,686,141
2009-01-01,3800,2379,2450,263,1871,4584,368,41,87,207,116,112,486,54,509,567,376,711,536,346,587,450,521,237,715,241,404,35,598,206,371,295,359,132,45,105,264,298,4095,2738,2581,308,1976,4865,19,535,450,453,69,160,71,79,57,36,139,126,131,34,562,171
2009-02-01,3789,2496,2448,260,1850,4558,343,82,97,254,136,99,430,72,454,549,323,731,533,308,554,452,501,221,692,326,417,30,591,296,385,271,368,150,42,102,246,310,4061,2864,2599,301,1952,4852,8,313,295,261,43,170,43,65,36,24,93,130,72,40,485,131
2009-03-01,3605,2172,2461,266,1726,4454,328,47,92,239,117,86,426,60,444,537,297,680,452,279,514,422,467,211,632,263,384,24,559,239,353,253,362,114,44,108,228,261,3858,2534,2575,311,1834,4720,7,306,282,188,69,135,53,44,36,30,96,96,69,38,448,136
2009-04-01,3515,1937,2527,280,1608,4415,331,24,60,210,88,78,402,42,339,593,219,668,438,285,513,421,466,202,617,273,367,25,531,247,325,374,358,127,44,104,228,307,3888,2295,2654,324,1712,4690,9,356,278,290,64,130,57,37,39,36,73,98,66,32,545,170
2009-05-01,3496,2275,2053,235,1579,3867,324,46,82,178,92,87,370,48,547,546,406,643,446,294,527,405,487,212,678,296,345,28,587,268,302,262,274,177,44,104,240,249,3758,2549,2231,278,1683,4192,9,245,228,209,73,155,55,38,31,39,108,121,71,33,341,100
2009-06-01,3375,2179,2085,244,1586,3915,277,61,76,195,99,88,356,45,450,506,299,611,405,275,526,423,470,224,630,283,353,19,537,264,305,263,324,175,43,100,234,279,3639,2503,2261,288,1685,4234,5,230,205,189,71,140,69,44,32,28,109,112,62,28,374,161
2009-07-01,3601,1946,2133,227,1577,3938,323,45,64,247,91,92,308,42,301,507,196,722,449,268,533,435,492,213,615,259,337,36,514,223,311,256,286,134,56,107,219,235,3857,2232,2267,283,1685,4235,4,325,195,209,47,138,79,41,52,42,128,102,75,36,402,216
2009-08-01,3529,2034,1999,265,1453,3718,264,58,39,240,116,86,284,57,422,538,281,665,420,250,540,453,487,216,653,198,345,25,533,173,313,281,304,119,46,101,255,273,3810,2338,2119,311,1555,3985,3,288,185,217,69,115,61,38,31,35,95,88,47,27,368,188
2009-09-01,3710,2200,2045,252,1526,3823,319,64,73,277,127,90,305,70,376,579,261,711,464,265,546,466,505,234,630,286,300,26,518,260,285,234,287,150,53,100,212,223,3944,2487,2195,304,1627,4126,7,300,179,255,60,181,60,55,26,25,79,125,32,57,361,147
2009-10-01,3510,2024,1929,239,1564,3733,317,55,61,237,128,80,284,67,335,503,215,692,413,272,527,420,483,228,614,261,331,17,512,244,297,328,382,98,69,96,287,271,3838,2406,2028,308,1660,3996,7,332,211,211,54,157,75,72,42,27,127,96,48,61,376,127
2009-11-01,3736,2152,1798,226,1698,3721,316,65,92,245,152,72,262,79,366,533,241,783,435,278,514,438,474,227,685,279,371,29,568,251,335,288,351,115,54,112,253,257,4024,2503,1913,279,1810,4002,7,272,185,224,56,156,67,36,32,32,73,121,23,35,408,123
2009-12-01,3753,2239,1914,242,1654,3809,347,77,84,246,181,70,250,94,417,527,299,783,432,296,547,425,493,223,651,258,372,19,555,239,339,251,330,120,58,112,227,260,4004,2568,2033,300,1766,4099,6,359,168,322,30,114,56,51,50,23,78,86,46,28,474,138
2010-01-01,3615,2432,1748,267,1639,3654,305,58,100,225,146,82,244,79,454,565,332,770,457,329,618,389,589,198,663,279,379,22,564,257,324,289,404,132,50,104,242,255,3904,2837,1880,317,1742,3940,9,358,174,379,50,197,72,96,55,20,120,167,50,30,454,161
2010-02-01,3580,2324,1702,279,1727,3708,282,73,83,256,162,105,269,101,468,549,343,767,430,322,524,409,461,209,613,266,374,27,532,239,341,284,343,123,64,116,237,222,3864,2666,1825,343,1844,4011,12,225,140,160,56,134,38,73,22,20,82,102,32,31,339,134
2010-03-01,3959,2271,1789,251,1746,3786,416,84,83,257,157,86,261,95,501,669,348,771,390,340,535,425,450,211,676,239,367,28,570,211,337,344,408,135,59,110,253,259,4302,2679,1924,310,1856,4089,11,217,132,226,59,162,45,51,22,39,92,145,37,16,309,114
2010-04-01,3820,2530,1615,230,1792,3638,361,85,64,278,176,89,246,109,445,563,294,806,513,352,514,408,456,251,678,283,365,28,550,255,324,338,623,134,69,105,231,249,4159,3153,1749,299,1897,3945,19,234,122,171,70,257,50,80,19,26,125,215,37,42,381,127
2010-05-01,3686,2603,1611,287,1714,3612,307,78,60,254,184,85,220,122,486,549,323,791,603,337,507,400,435,209,641,312,357,52,527,260,321,735,385,151,62,98,242,242,4420,2988,1762,349,1813,3924,17,232,103,137,58,205,46,78,26,21,116,168,38,36,322,125
2010-06-01,3833,2500,1721,260,1778,3759,279,74,62,261,201,98,245,128,473,584,314,867,582,374,461,428,408,237,637,329,327,62,508,267,297,278,301,354,65,133,223,214,4111,2801,2075,325,1911,4311,13,171,113,199,79,191,60,56,21,26,145,156,26,36,338,176
2010-07-01,3882,2758,1903,252,1673,3828,336,102,69,272,218,84,257,142,481,585,324,815,621,325,536,458,470,211,668,323,336,39,537,285,304,281,324,263,65,112,239,240,4163,3082,2166,317,1785,4269,12,245,148,193,74,224,63,98,31,31,136,191,39,32,402,237
2010-08-01,3780,2653,1650,250,1728,3628,338,52,79,270,183,107,271,128,446,556,284,879,641,381,491,391,436,214,643,364,336,45,527,319,300,266,346,240,72,114,223,245,4046,2999,1890,321,1842,4054,14,245,158,156,79,230,63,87,23,34,108,172,40,59,398,163
2010-09-01,3784,2582,1625,249,1768,3641,315,77,83,261,185,97,243,128,433,569,255,791,634,363,522,432,469,212,668,317,356,33,558,283,315,250,337,208,70,127,220,251,4034,2918,1832,318,1895,4045,17,234,126,154,100,222,62,63,28,31,117,198,41,24,337,170
2010-10-01,3865,2890,1646,237,1739,3622,358,67,81,267,194,99,264,138,508,583,333,811,652,360,627,409,562,216,659,417,362,35,559,382,306,309,345,99,56,108,278,271,4173,3235,1745,293,1846,3884,22,255,163,167,96,254,72,64,23,39,138,215,60,40,355,111
2010-11-01,3903,2874,1714,277,1782,3773,337,88,70,284,232,94,260,168,492,566,327,838,700,355,557,431,495,221,657,319,364,28,560,291,322,279,337,136,54,105,252,265,4182,3211,1849,331,1887,4067,21,292,158,233,65,229,67,72,22,35,92,195,29,34,370,120
2010-12-01,4013,2659,1726,252,1865,3844,378,46,90,274,197,105,261,135,526,508,325,971,579,395,551,428,493,216,670,352,385,41,565,312,342,285,399,127,60,112,254,308,4299,3058,1854,312,1977,4142,19,401,136,268,92,177,56,72,34,39,87,156,44,22,535,146
2011-01-01,3714,2766,1725,282,1709,3716,280,65,70,262,221,102,244,145,560,588,353,860,538,369,547,361,473,198,641,366,375,36,543,331,336,286,338,103,60,123,256,277,4000,3104,1827,342,1832,4001,32,322,148,429,82,260,69,94,37,31,101,223,51,37,510,126
2011-02-01,4003,2910,1647,273,1846,3766,345,51,72,270,216,96,244,142,640,608,397,905,610,410,574,393,505,210,666,389,371,47,567,342,331,227,316,108,52,111,199,258,4231,3226,1755,325,1958,4037,17,207,119,206,110,188,36,66,19,24,77,155,33,33,333,96
2011-03-01,4179,2939,1686,257,1924,3868,378,65,80,268,214,112,248,142,569,620,351,990,641,451,606,400,547,218,771,393,382,41,640,352,338,251,323,108,58,109,222,269,4430,3261,1794,315,2033,4142,31,206,99,171,108,198,50,104,27,26,87,166,26,32,342,90
2011-04-01,4028,2917,1665,258,1774,3697,372,77,94,267,231,103,241,148,623,612,401,932,590,369,604,406,533,211,679,331,372,41,564,289,328,268,341,126,59,108,244,288,4296,3259,1792,317,1882,3991,30,231,106,164,121,272,72,106,17,40,87,204,15,68,498,126
2011-05-01,4022,2880,1796,256,1835,3887,392,109,84,270,216,108,258,141,640,590,431,964,585,369,583,414,534,223,655,319,367,40,537,279,328,239,298,108,65,129,209,235,4261,3179,1904,320,1965,4189,18,229,118,176,117,187,61,103,20,33,116,147,25,40,490,117
2011-06-01,4075,3095,1834,247,1822,3903,396,68,79,256,207,111,241,146,668,605,451,848,676,368,619,432,544,215,733,406,392,81,610,325,354,291,359,108,61,101,270,298,4366,3455,1942,308,1923,4173,14,243,96,176,94,207,81,86,22,33,119,169,29,38,390,189
2011-07-01,4020,3291,1722,261,1856,3839,337,85,74,257,224,103,236,153,678,608,437,914,790,410,632,412,565,198,723,363,381,75,600,288,333,242,332,123,61,130,213,263,4261,3623,1845,322,1986,4153,29,220,106,178,118,278,55,108,27,36,124,191,26,87,402,165
2011-08-01,4057,3000,1731,243,1906,3881,339,98,67,262,232,100,240,165,566,565,396,941,669,396,645,422,577,229,729,392,419,49,603,343,370,241,329,114,54,125,221,277,4298,3329,1845,297,2031,4173,20,257,137,197,103,174,75,113,18,50,98,128,28,46,439,181
2011-09-01,4159,3377,1752,246,1925,3922,381,87,86,245,250,94,233,171,630,598,392,965,891,442,618,410,545,219,749,428,401,66,612,362,348,270,397,120,50,116,245,332,4429,3774,1872,296,2041,4208,25,241,118,177,107,178,61,115,20,40,96,145,41,34,390,115
2011-10-01,4101,3252,1701,299,1889,3889,333,82,81,247,228,108,235,154,681,569,410,962,708,442,633,409,569,216,739,429,339,63,605,366,302,269,367,92,61,107,242,291,4370,3619,1794,359,1997,4150,22,237,119,158,114,257,65,124,22,34,107,192,26,65,403,119
2011-11-01,4093,3208,1799,246,1917,3962,321,84,116,227,228,118,238,158,744,581,497,926,667,434,642,428,579,219,791,434,378,54,634,380,336,272,357,113,70,122,248,297,4365,3565,1912,316,2039,4267,23,227,111,249,112,149,64,95,22,30,99,117,31,32,430,131
2011-12-01,4062,3404,1689,237,1838,3764,322,79,82,268,243,107,237,160,687,522,442,909,847,315,635,429,579,224,750,441,406,39,613,402,352,294,364,112,66,143,271,298,4356,3768,1801,303,1981,4084,30,273,116,236,100,183,59,98,29,36,92,160,33,23,517,121
2012-01-01,4172,3561,1692,271,1900,3864,332,89,78,267,250,103,239,179,666,588,403,944,948,405,679,450,625,240,776,453,402,72,620,380,358,285,349,104,60,130,264,283,4457,3909,1797,332,2030,4158,27,298,131,348,117,271,59,91,35,43,121,180,31,91,447,153
2012-02-01,4260,3221,1795,258,1991,4044,345,68,81,264,243,108,247,165,647,578,389,1012,747,409,681,470,615,273,771,379,414,59,612,320,362,300,395,108,57,139,272,323,4560,3616,1903,315,2130,4349,23,215,101,173,132,173,53,92,26,27,81,118,22,55,452,92
2012-03-01,4279,3582,1669,265,2033,3968,315,91,91,277,316,110,238,193,696,588,448,945,837,410,693,449,625,251,860,447,444,49,702,398,396,296,396,115,61,133,268,317,4575,3979,1784,326,2167,4277,18,179,88,142,124,240,57,98,26,29,105,193,20,47,363,103
2012-04-01,4098,3426,1766,257,1994,4017,279,113,72,262,248,113,247,150,634,587,384,914,772,376,680,417,619,246,758,481,437,77,618,404,390,291,367,113,62,140,260,289,4389,3793,1880,319,2134,4333,19,182,98,154,113,247,67,117,24,31,133,209,49,38,499,141
2012-05-01,4228,3438,1832,276,1999,4107,324,92,79,253,302,110,232,205,624,591,372,987,750,407,724,465,656,248,737,458,437,65,606,393,387,306,397,137,55,139,276,330,4533,3835,1969,331,2138,4437,22,217,91,185,110,217,71,80,21,38,137,160,35,57,511,139
2012-06-01,4121,3524,1780,277,2028,4085,356,62,90,274,301,112,266,189,633,590,377,906,774,363,762,454,702,237,722,483,454,73,599,411,405,319,387,111,62,124,289,309,4440,3911,1892,339,2152,4382,19,194,125,192,104,228,66,94,18,41,142,176,29,52,399,214
2012-07-01,4032,3356,1616,291,1945,3853,370,88,81,248,257,102,226,168,671,584,416,868,740,348,681,433,596,239,752,489,431,65,626,424,382,295,379,106,66,126,271,314,4327,3735,1722,357,2072,4151,15,255,101,175,104,242,62,78,22,33,123,171,24,71,355,152
2012-08-01,4136,3389,1780,294,1940,4014,337,117,66,233,267,110,235,155,744,617,483,825,730,344,662,437,596,244,802,423,388,59,667,364,340,315,420,114,61,129,278,326,4450,3809,1894,356,2069,4318,16,240,120,226,120,253,85,97,33,50,128,202,35,51,415,160
2012-09-01,4022,3500,1717,277,1832,3826,366,95,74,229,248,107,227,141,774,612,496,845,694,351,718,418,650,211,722,422,389,55,617,368,355,280,383,88,60,118,248,309,4302,3882,1805,337,1950,4092,15,265,105,169,131,292,58,93,24,40,120,219,24,73,417,121
2012-10-01,4120,3394,1788,270,1902,3960,319,106,101,250,270,105,240,164,547,604,305,882,755,319,704,443,642,227,762,483,413,54,636,429,367,269,380,103,65,133,239,312,4389,3775,1891,336,2035,4261,14,207,136,186,95,281,72,95,18,41,143,215,38,65,444,132
2012-11-01,4213,3513,1828,288,1939,4054,388,97,104,247,254,106,252,164,683,617,469,920,749,355,735,450,667,252,720,499,411,56,598,442,370,276,364,93,60,139,257,310,4489,3878,1921,347,2078,4347,17,306,133,181,81,215,72,107,20,27,125,165,43,50,476,112
2012-12-01,4162,3563,1607,301,1920,3829,320,129,75,234,250,109,227,165,802,593,507,907,697,384,712,450,647,248,814,481,420,65,654,415,381,290,408,93,66,130,259,333,4452,3970,1700,367,2051,4118,17,254,103,307,129,235,55,77,21,36,76,166,25,69,436,105
2013-01-01,4204,3467,1581,319,2149,4048,337,120,134,247,252,100,232,156,745,615,473,879,776,353,628,462,560,276,805,470,456,55,678,415,404,283,456,97,70,131,250,365,4487,3923,1678,388,2280,4347,19,238,119,364,142,253,69,77,32,47,153,165,51,88,500,135
2013-02-01,4275,3584,1567,266,2169,4002,378,137,107,246,283,108,236,179,648,668,402,862,757,383,692,456,631,263,792,520,484,52,667,468,428,296,421,97,65,129,265,356,4571,4004,1664,331,2298,4293,25,188,98,176,137,277,68,103,21,25,107,219,35,58,310,113
2013-03-01,4100,3681,1664,282,1999,3944,355,116,93,221,257,97,216,174,734,562,472,870,750,385,713,456,637,259,805,514,447,63,679,451,388,270,395,123,49,124,251,340,4369,4076,1787,331,2124,4241,14,205,89,161,106,315,42,96,11,25,107,266,26,49,325,98
2013-04-01,4282,3566,1705,277,2143,4125,294,113,90,244,243,117,246,156,796,630,534,928,761,452,716,484,646,266,859,478,449,47,729,430,406,290,421,87,57,153,263,342,4572,3988,1793,334,2296,4422,22,179,95,167,141,295,70,76,24,43,140,237,28,58,436,134
2013-05-01,4376,3736,1734,311,2100,4145,339,120,91,275,248,118,268,154,817,645,558,916,788,441,686,491,617,256,811,469,446,47,674,422,399,288,410,103,60,134,270,361,4663,4145,1836,371,2234,4442,20,169,109,207,129,302,82,95,25,34,166,214,31,88,417,164
2013-06-01,4196,3749,1667,277,2077,4020,340,131,99,235,216,109,236,137,894,620,634,956,749,460,684,419,615,258,810,489,429,51,665,438,381,244,400,95,66,127,219,351,4440,4150,1761,342,2203,4307,20,168,97,177,143,306,100,93,40,41,139,243,20,63,379,146
2013-07-01,4291,3509,1616,285,2229,4130,307,104,103,235,221,118,262,122,727,634,488,968,696,527,644,460,571,284,792,503,452,52,663,451,401,270,376,97,60,134,249,324,4561,3885,1713,345,2363,4421,25,178,105,175,113,345,102,111,48,39,166,297,39,48,292,152
2013-08-01,4430,3692,1727,303,2189,4220,303,112,93,266,285,105,235,194,766,700,484,1011,809,458,753,482,680,263,772,523,424,94,650,429,374,299,393,88,58,127,273,352,4730,4085,1816,362,2316,4493,21,165,131,170,148,242,85,75,50,63,135,179,43,63,482,158
2013-09-01,4433,3732,1781,274,2179,4234,319,128,92,261,268,114,237,177,810,679,530,963,751,433,677,483,610,275,826,550,444,68,686,482,396,293,396,111,51,123,266,344,4726,4128,1892,325,2302,4519,19,176,105,158,145,249,91,97,44,35,131,217,49,33,453,136
2013-10-01,4237,3827,1567,248,2242,4057,372,137,92,231,294,106,208,178,779,691,530,863,819,454,683,431,606,282,803,540,522,90,667,450,475,281,395,108,55,130,257,349,4518,4222,1675,303,2372,4350,22,259,96,191,157,283,93,138,42,24,135,245,38,38,347,116
2013-11-01,4326,3714,1538,282,2264,4084,311,156,80,259,316,121,234,171,800,713,508,949,745,487,662,450,579,264,789,543,483,81,652,462,426,296,405,91,65,127,269,346,4622,4119,1630,346,2391,4367,18,230,97,223,132,183,77,119,23,29,105,148,30,35,360,101
2013-12-01,4333,3775,1674,269,2149,4093,270,119,78,248,294,114,236,180,825,750,525,960,774,469,618,467,537,283,800,585,456,82,652,504,403,280,347,96,65,138,255,303,4614,4121,1770,334,2287,4392,23,271,102,335,110,219,68,101,45,27,82,173,37,46,450,118
2014-01-01,4336,3738,1712,251,2179,4143,285,155,96,243,261,114,253,168,816,620,528,985,713,449,705,462,630,267,834,596,464,92,693,505,417,289,389,93,68,132,265,338,4626,4127,1806,319,2311,4435,26,184,121,423,174,236,100,110,59,39,114,188,62,48,498,158
2014-02-01,4405,3971,1677,308,2276,4261,282,139,97,241,286,110,217,163,878,718,630,992,848,433,733,459,660,262,853,558,529,74,711,485,483,291,402,90,63,135,266,349,4696,4373,1767,371,2411,4549,23,126,71,193,118,225,66,102,47,28,98,172,33,53,401,97
2014-03-01,4456,3962,1600,301,2312,4213,270,125,93,257,282,121,244,157,942,709,665,1004,773,520,759,487,678,236,833,571,497,53,713,518,440,307,425,103,65,137,280,365,4763,4388,1703,367,2449,4518,31,124,81,175,140,257,82,102,43,34,117,212,45,45,351,139
2014-04-01,4582,4131,1682,302,2333,4317,299,116,106,252,275,107,244,172,955,793,652,1000,842,480,723,494,642,281,864,662,506,92,711,570,461,298,435,83,56,141,271,376,4880,4566,1764,358,2474,4597,27,122,104,210,160,319,79,128,38,37,115,256,39,63,483,159
2014-05-01,4522,4307,1623,308,2342,4273,319,119,123,251,294,117,234,175,937,754,625,927,857,458,817,471,734,278,902,710,459,89,739,621,411,285,441,87,70,141,257,371,4808,4747,1710,379,2483,4572,32,133,85,191,157,273,74,104,26,37,127,222,18,51,418,123
2014-06-01,4600,4468,1660,292,2389,4340,284,155,116,266,318,108,245,189,953,749,634,1026,916,506,849,458,739,288,909,674,513,76,764,598,456,326,514,101,53,118,294,447,4925,4982,1761,345,2507,4612,31,104,108,187,153,346,91,91,28,39,145,274,31,72,382,147
2014-07-01,4721,4371,1698,278,2493,4469,334,149,110,267,296,132,247,191,937,758,601,1055,908,505,869,505,784,305,876,630,517,64,726,566,461,287,475,83,57,140,259,413,5008,4846,1781,334,2633,4748,34,156,82,198,184,310,102,121,49,46,151,241,23,69,400,134
2014-08-01,4542,4911,1616,305,2397,4318,340,127,127,243,322,115,224,185,1180,712,840,1071,967,493,930,435,840,258,847,705,544,84,702,621,488,267,438,83,70,152,239,364,4810,5349,1699,375,2549,4623,29,151,100,190,189,342,78,115,23,44,142,280,38,62,464,144
2014-09-01,4815,4446,1638,347,2572,4558,296,116,108,288,310,135,265,185,921,726,589,1094,941,555,885,552,779,306,919,708,549,76,766,632,502,334,468,80,58,160,307,396,5149,4914,1718,405,2732,4855,30,147,117,167,193,267,70,100,33,37,139,214,23,53,428,152
2014-10-01,4806,4577,1755,318,2565,4639,328,149,108,296,294,131,266,189,946,780,598,1079,956,512,891,515,801,301,893,671,586,66,740,604,518,306,435,80,66,152,277,360,5111,5012,1835,384,2718,4937,36,194,122,182,221,396,94,97,38,44,135,326,34,70,507,142
2014-11-01,4682,4372,1635,303,2464,4402,322,139,93,263,327,108,227,202,880,760,508,933,970,455,800,502,711,305,910,631,565,58,758,573,502,296,472,91,53,136,267,392,4978,4843,1726,356,2600,4682,31,242,105,211,194,253,104,130,38,29,134,210,27,43,380,93
2014-12-01,4874,4626,1746,360,2411,4517,399,139,118,276,307,131,267,191,911,783,544,1041,1041,412,941,520,846,294,936,707,553,86,781,621,499,318,505,111,58,141,289,428,5192,5130,1857,419,2552,4827,21,303,117,302,164,263,61,96,32,31,119,217,50,46,504,129
2015-01-01,4744,4818,1679,277,2622,4577,352,147,110,255,321,145,265,199,976,763,616,1035,1028,548,918,522,815,322,909,802,584,87,743,716,527,316,526,110,56,143,284,441,5061,5344,1789,333,2764,4886,16,264,104,441,227,343,94,112,43,44,152,273,31,69,476,110
2015-02-01,4807,4950,1655,310,2592,4557,334,171,111,263,309,124,255,194,1061,737,681,1082,1082,563,927,536,823,337,927,750,544,97,764,653,495,320,515,102,61,149,291,429,5127,5466,1757,371,2741,4869,11,149,95,164,210,315,65,124,24,38,84,225,16,90,364,93
2015-03-01,4797,4709,1853,313,2599,4765,318,165,115,267,322,122,258,197,908,762,527,1076,1101,544,907,522,815,313,919,719,573,89,764,630,538,328,501,120,62,155,295,418,5126,5210,1973,375,2754,5102,14,186,101,180,223,261,72,105,28,41,130,190,44,71,407,117
2015-04-01,4847,5077,1742,325,2558,4626,346,152,122,261,323,139,261,200,987,748,589,1095,1239,511,1004,530,905,308,953,720,545,72,797,648,492,349,521,114,58,147,307,427,5196,5598,1856,383,2705,4944,15,124,89,192,252,429,82,121,38,38,145,325,46,105,504,107
2015-05-01,4819,5040,1602,309,2593,4504,311,158,117,257,324,126,239,193,1005,770,543,1068,1235,555,986,528,890,320,966,703,534,72,793,632,477,323,523,109,63,149,290,439,5142,5563,1711,371,2743,4825,15,127,81,192,302,323,90,100,23,41,144,257,31,65,430,124
2015-06-01,4789,4778,1700,343,2592,4635,342,145,112,268,291,138,268,176,958,763,572,1033,1109,508,1005,501,903,308,918,666,597,67,782,599,539,336,471,121,57,165,303,380,5125,5248,1821,400,2756,4978,19,175,104,186,227,278,92,102,31,41,173,202,30,76,372,128
2015-07-01,4798,5507,1601,320,2610,4531,307,147,107,266,336,127,255,198,1257,759,823,1011,1146,516,1171,536,1047,327,955,761,606,69,826,692,549,352,548,102,61,154,314,449,5150,6056,1703,381,2764,4848,21,141,102,211,252,367,92,138,27,51,145,246,41,121,377,138
2015-08-01,4822,4973,1671,320,2717,4708,325,143,100,274,314,137,268,191,1034,748,661,1039,1091,562,1040,520,942,353,1016,695,648,58,871,637,580,341,494,102,59,162,306,403,5163,5467,1773,380,2879,5032,13,179,134,198,214,329,80,119,24,50,123,239,52,89,363,125
2015-09-01,4964,5018,1847,303,2624,4774,335,122,119,291,315,144,274,185,1050,738,678,1083,1110,505,1077,563,982,313,1016,705,607,74,860,631,550,323,470,117,64,154,291,398,5287,5488,1964,367,2778,5110,18,188,121,164,204,303,79,112,25,43,113,262,36,41,490,146
2015-10-01,4978,5246,1726,319,2643,4688,333,136,95,283,314,140,276,182,1080,750,655,1085,1212,536,1076,557,950,338,1013,785,600,77,856,708,545,360,527,118,59,167,325,431,5338,5773,1845,378,2810,5032,17,199,125,179,275,356,102,126,29,46,155,285,27,71,418,110
2015-11-01,5007,5185,1658,356,2744,4759,348,123,123,271,298,136,273,173,1025,763,578,1115,1285,554,1101,551,994,360,1027,764,622,87,870,678,573,352,523,121,57,153,315,426,5358,5708,1779,414,2897,5089,17,198,116,192,292,319,73,71,32,32,120,270,26,48,446,98
2015-12-01,5168,5304,1679,309,2890,4878,335,158,127,270,334,135,265,185,1050,781,642,1217,1199,575,1065,549,939,343,1045,747,651,77,880,670,595,371,541,124,57,166,335,442,5540,5845,1803,366,3056,5225,18,204,105,284,199,389,55,100,20,32,106,310,37,79,563,129
2016-01-01,4867,5497,1690,362,2710,4762,300,169,92,281,321,146,265,177,1065,749,719,1187,1310,572,1179,514,1095,276,955,759,625,91,794,668,565,353,515,115,57,165,322,422,5220,6012,1805,419,2875,5099,12,228,102,382,162,384,103,109,39,46,175,316,41,68,586,145
2016-02-01,5126,5282,1787,321,2832,4940,356,193,107,288,325,152,309,170,1080,812,711,1113,1236,592,1020,546,891,345,1050,758,651,74,896,685,586,344,488,108,55,162,306,390,5470,5770,1894,376,2994,5265,8,186,114,167,141,308,73,89,25,29,128,208,34,100,401,85
2016-03-01,4995,5633,1742,311,2753,4807,360,206,142,258,336,143,282,175,1063,735,705,1112,1471,543,1079,526,973,334,1031,827,629,119,866,708,580,364,496,108,55,164,328,404,5359,6129,1850,366,2917,5133,9,143,102,128,155,311,67,84,22,33,130,246,48,66,447,124
2016-04-01,4952,5301,1657,328,2792,4777,356,178,113,278,387,139,275,195,1095,723,672,1097,1049,581,1105,530,983,350,1007,763,652,112,870,650,591,342,502,114,56,163,307,405,5294,5803,1771,384,2955,5110,13,184,101,149,195,408,90,93,33,45,132,305,35,102,466,104
2016-05-01,4838,5239,1691,286,2849,4826,318,176,123,270,353,139,291,185,1081,706,722,1096,1163,679,1098,540,991,344,1035,743,669,92,876,651,600,359,538,134,56,160,321,439,5197,5777,1825,342,3009,5176,10,182,121,163,191,310,75,107,28,35,140,251,29,59,416,128
2016-06-01,4929,5262,1646,264,2805,4714,264,178,118,281,363,136,262,197,1077,728,712,1070,1143,543,1070,569,971,359,1044,794,655,94,871,700,592,353,479,105,86,214,317,394,5281,5742,1750,350,3018,5118,12,124,104,160,190,314,95,82,28,38,155,229,24,84,403,149
2016-07-01,5021,5375,1675,296,2811,4783,351,210,128,280,344,143,261,198,1060,753,693,1187,1248,617,1118,554,1018,346,1033,757,660,105,864,651,592,405,587,83,44,156,372,492,5426,5962,1759,339,2967,5065,12,152,85,216,244,354,88,93,29,43,131,264,22,90,429,147
2016-08-01,4977,5166,1717,289,2810,4816,340,186,145,263,326,148,273,184,1013,730,648,1105,1105,594,1054,557,966,329,1043,803,651,96,869,708,586,351,511,143,56,189,317,411,5327,5677,1860,345,2998,5204,11,171,130,163,225,362,76,86,22,48,138,272,47,90,419,188
2016-09-01,4912,5340,1474,295,2876,4645,316,260,105,282,326,151,288,187,1032,758,704,1095,1204,617,1110,557,997,357,965,739,674,80,832,659,583,395,527,114,55,171,362,418,5306,5868,1588,350,3047,4985,16,153,119,195,163,344,78,104,15,51,108,267,30,77,352,113
2016-10-01,4895,5107,1557,327,2899,4783,351,219,128,286,299,164,281,184,1012,755,661,1057,985,612,1238,550,1105,344,973,760,687,108,813,652,613,315,484,107,60,174,281,394,5210,5591,1664,387,3074,5125,13,196,103,148,180,343,93,92,19,42,166,267,47,75,365,136
2016-11-01,4976,5394,1633,305,2865,4803,345,204,153,287,345,158,286,195,981,634,626,1116,1227,585,1197,577,1099,335,1063,765,688,107,903,658,619,332,577,118,57,160,302,484,5308,5971,1751,362,3026,5139,22,175,109,190,153,317,80,78,27,30,102,255,28,63,441,141
2016-12-01,5011,5404,1621,322,2826,4768,399,183,136,302,369,162,295,202,1071,701,669,1105,1081,605,1200,564,1097,347,1019,748,669,94,858,654,596,332,560,87,53,163,297,405,5343,5964,1708,374,2989,5071,23,344,103,244,166,382,61,74,19,42,95,286,32,96,473,119
2017-01-01,5147,5120,1644,326,3009,4980,400,161,150,309,371,169,296,212,981,709,635,1126,984,647,1152,563,1079,377,1032,724,661,81,878,644,589,352,497,100,61,178,317,417,5499,5617,1745,387,3188,5320,27,237,110,303,169,421,105,92,41,42,185,282,36,139,441,113
2017-02-01,5004,5418,1591,314,2911,4816,380,190,157,295,369,176,282,202,1037,756,645,1055,986,562,1238,541,1119,343,1014,898,642,92,847,805,570,346,505,120,62,178,313,426,5350,5923,1711,376,3089,5176,23,118,69,183,193,318,69,61,19,50,100,261,39,56,356,95
2017-03-01,5058,5305,1672,313,2962,4948,391,175,163,322,394,188,322,226,1097,743,691,1046,1009,586,1122,561,1014,370,1013,749,649,96,880,653,578,336,506,89,56,188,305,423,5395,5811,1762,369,3150,5280,17,171,102,162,182,341,67,77,27,33,143,272,33,69,335,121
2017-04-01,4937,5547,1597,291,2869,4756,383,207,156,319,373,184,317,201,1018,677,638,1015,1047,575,1108,570,1016,362,1021,843,662,85,838,759,582,335,543,113,63,160,311,461,5272,6091,1710,353,3028,5091,31,181,105,159,198,504,66,112,30,35,130,384,23,120,388,121
2017-05-01,5127,5275,1665,306,2947,4917,392,172,149,337,347,202,322,196,1052,732,686,1098,1010,582,1101,574,997,368,1009,843,659,67,844,776,596,349,551,129,58,165,317,438,5477,5826,1794,364,3111,5270,25,197,91,155,175,338,82,102,37,29,163,254,21,84,452,150
2017-06-01,5295,5731,1856,283,2991,5130,379,203,137,336,392,203,327,218,1107,754,670,1250,1237,619,1169,574,1083,373,1037,854,654,119,852,735,586,339,574,114,56,163,309,472,5635,6305,1970,339,3154,5463,28,169,101,185,216,358,90,106,42,36,162,289,38,68,498,144
2017-07-01,5148,5690,1798,279,2936,5013,372,210,151,330,371,194,322,180,1141,668,683,1181,1131,605,1156,589,1036,346,1014,861,620,113,817,749,560,348,548,112,53,160,317,444,5497,6238,1910,332,3097,5338,31,199,100,155,277,366,93,115,26,57,152,272,28,94,441,177
2017-08-01,5210,5774,1748,302,2930,4980,390,206,151,369,420,184,302,242,1255,681,778,1158,1110,654,1167,596,1067,344,1014,909,607,97,840,812,549,309,503,120,61,173,278,420,5519,6276,1868,362,3103,5334,30,189,115,171,282,310,89,129,29,57,135,243,43,67,376,218
2017-09-01,5095,5757,1686,249,3020,4955,399,194,171,329,434,192,323,274,1205,672,734,1145,1113,670,1146,559,1044,356,1010,790,637,105,838,685,587,355,563,101,64,170,323,474,5450,6320,1787,312,3190,5289,28,201,116,146,271,439,95,112,42,53,116,358,16,80,436,123
2017-10-01,5227,5855,1729,286,3057,5072,393,204,179,347,424,199,325,255,1170,679,767,1175,1323,651,1136,581,1038,385,1022,796,645,88,842,708,585,355,553,108,55,162,312,465,5581,6408,1837,341,3219,5397,30,201,114,166,268,435,106,96,38,44,171,304,52,131,387,127
2017-11-01,5125,5736,1647,286,3008,4941,363,243,139,343,435,195,334,260,1279,709,930,1114,1034,679,1118,585,1010,360,1029,877,660,87,854,790,592,370,535,100,63,178,342,457,5494,6271,1747,349,3186,5283,28,202,121,248,167,344,85,86,24,40,108,266,26,79,332,120
2017-12-01,5062,5758,1602,241,3047,4890,320,232,147,356,405,209,341,246,1407,706,932,1065,971,631,1163,571,1066,353,993,884,680,87,854,797,598,360,578,130,54,175,330,482,5421,6336,1732,295,3222,5249,20,177,106,263,219,363,74,116,43,43,94,279,26,84,451,127
2018-01-01,5185,6029,1826,279,2847,4953,350,250,156,366,447,208,342,267,1374,757,887,1087,1118,553,1154,577,1046,328,1027,931,613,88,851,843,541,327,591,106,58,172,297,478,5512,6621,1932,337,3019,5288,27,223,114,411,275,426,107,129,59,51,178,342,62,83,466,165
2018-02-01,5271,5956,1658,268,3058,4984,420,218,150,372,441,216,348,275,1302,706,824,1164,1108,639,1187,573,1094,342,1057,901,706,113,874,789,633,353,596,113,58,164,322,524,5624,6552,1771,326,3222,5319,26,131,100,164,263,378,82,127,29,42,123,315,27,63,387,103
2018-03-01,5282,6191,1682,321,3150,5153,372,223,158,358,416,218,348,247,1406,749,912,1169,1185,639,1231,600,1120,364,1043,928,713,99,846,829,641,340,628,113,61,173,309,523,5623,6818,1795,382,3323,5500,26,159,101,174,298,400,86,126,32,40,110,307,25,93,389,173
2018-04-01,5240,6284,1636,278,3184,5098,350,223,170,360,438,205,345,276,1511,779,1031,1128,1196,675,1215,567,1117,381,1046,968,715,115,859,853,643,350,593,91,66,186,313,511,5590,6877,1727,344,3370,5441,36,135,116,206,303,363,88,183,37,44,123,267,45,96,359,130
2018-05-01,5504,6420,1679,278,3195,5152,401,266,166,370,460,199,335,296,1491,730,964,1182,1239,638,1204,637,1099,435,1116,975,694,128,924,847,619,354,596,96,57,187,328,495,5859,7016,1775,335,3382,5492,27,153,109,144,315,344,104,124,30,52,147,255,29,89,441,121
2018-06-01,5373,6584,1724,297,3193,5215,374,289,178,370,461,208,339,290,1492,745,980,1192,1268,659,1257,632,1119,418,1039,1061,689,158,844,903,612,387,646,98,65,189,351,534,5760,7230,1822,362,3382,5566,28,142,109,161,299,348,98,127,43,50,177,249,34,99,415,183
2018-07-01,5303,6544,1683,281,3238,5202,384,272,200,383,458,216,352,280,1481,753,961,1124,1253,642,1232,591,1119,392,1093,1019,727,100,903,918,648,346,646,123,64,187,308,528,5649,7190,1806,345,3426,5577,29,140,110,188,300,442,93,160,28,53,141,342,22,100,371,171
2018-08-01,5426,6483,1696,261,3258,5214,381,286,180,369,500,206,336,292,1287,788,797,1114,1331,601,1249,632,1123,440,1057,1007,724,112,871,895,643,389,725,107,57,166,354,602,5815,7208,1803,317,3423,5543,32,155,129,258,269,413,88,152,33,59,134,327,37,87,390,118
2018-09-01,5287,6794,1650,281,3216,5147,382,315,161,331,478,199,317,304,1523,773,947,1103,1342,601,1281,610,1198,380,1053,1073,734,90,886,982,649,338,617,114,58,176,298,526,5625,7411,1764,339,3391,5494,32,171,109,186,342,371,88,123,36,46,144,282,36,89,387,121
2018-10-01,5562,6688,1700,273,3273,5246,357,275,175,398,502,208,360,313,1430,775,967,1189,1344,652,1242,645,1147,422,1112,1015,706,94,928,921,629,346,616,113,58,185,311,512,5907,7304,1813,331,3458,5602,35,160,140,185,274,443,101,147,21,42,143,321,29,121,400,131
2018-11-01,5461,6919,1828,282,3312,5422,395,314,183,367,520,224,367,319,1593,725,1044,1135,1343,632,1258,643,1167,452,1069,1023,706,97,902,925,636,365,676,109,62,199,321,557,5826,7594,1938,344,3511,5793,30,227,115,236,322,392,95,127,24,50,112,308,32,84,433,113
2018-12-01,5400,6809,1738,251,3231,5220,375,394,181,346,467,198,334,310,1412,786,910,1156,1351,637,1321,659,1221,443,1041,1075,695,116,895,960,625,368,680,101,57,176,332,563,5768,7489,1839,308,3407,5554,23,207,117,326,305,351,61,123,40,38,105,288,38,63,561,95
2019-01-01,5411,6808,1572,271,3308,5150,425,309,193,353,431,218,331,281,1446,721,818,1065,1391,634,1360,633,1241,427,1151,1121,760,104,974,1018,687,376,693,133,56,209,343,563,5786,7502,1705,327,3517,5549,32,239,100,320,344,440,100,145,51,60,129,315,40,124,416,167
2019-02-01,5345,6380,1636,284,3366,5286,368,287,203,335,457,211,336,286,1273,718,803,1184,1387,664,1215,634,1108,424,1100,998,787,105,924,893,705,359,687,127,59,182,322,559,5704,7066,1763,343,3547,5653,28,138,98,160,239,336,80,136,29,39,125,257,24,79,361,112
2019-03-01,5332,6601,1588,263,3350,5202,379,359,143,343,435,221,361,286,1311,716,773,1181,1347,680,1350,644,1240,439,1083,1005,767,101,912,904,685,357,715,102,60,179,318,593,5689,7317,1690,324,3529,5543,29,148,112,150,314,342,92,146,33,41,119,222,23,120,358,127
2019-04-01,5644,6537,1856,256,3317,5429,415,405,140,349,451,231,365,285,1350,751,754,1263,1169,659,1399,636,1272,400,1162,1024,766,119,994,905,688,372,735,107,57,184,335,572,6016,7272,1963,313,3501,5777,30,211,114,205,344,403,91,120,38,54,149,285,33,118,498,144
2019-05-01,5362,6600,1683,250,3263,5197,381,357,163,339,471,204,336,288,1312,769,753,1136,1277,628,1363,602,1237,354,1063,1018,765,134,895,884,696,324,674,92,59,208,288,562,5686,7275,1775,309,3472,5556,25,193,107,161,353,353,113,124,35,54,154,245,19,108,462,133
2019-06-01,5434,6449,1683,263,3308,5254,436,302,183,324,465,201,329,280,1358,798,818,1108,1279,639,1303,593,1177,371,1119,945,790,109,979,836,715,367,745,96,57,167,331,635,5801,7194,1780,320,3474,5574,28,180,106,142,342,363,103,126,34,43,151,245,30,118,359,160
2019-07-01,5524,6392,1732,285,3466,5483,384,323,172,330,452,197,328,278,1286,796,832,1144,1252,701,1294,629,1178,431,1122,959,800,114,966,845,723,347,649,101,67,189,310,533,5871,7042,1833,352,3654,5839,39,163,107,195,288,384,103,167,60,45,177,261,26,124,377,187
2019-08-01,5488,6431,1710,247,3366,5322,411,328,170,334,439,201,326,285,1294,774,798,1149,1282,638,1327,607,1207,420,1148,961,791,128,979,833,710,412,747,98,62,174,343,634,5900,7178,1808,309,3540,5657,34,212,118,214,331,386,92,134,35,61,159,285,45,101,388,103
2019-09-01,5598,6384,1868,278,3258,5404,445,332,187,345,444,213,349,263,1263,782,732,1155,1241,637,1236,643,1112,404,1161,1025,727,144,991,881,647,365,740,102,60,189,324,626,5963,7124,1970,338,3447,5755,31,222,123,196,345,362,94,183,34,41,138,284,22,78,440,144
2019-10-01,5411,6504,1699,293,3272,5264,493,326,189,310,399,197,334,251,1424,678,822,1113,1205,620,1301,626,1174,408,1115,993,770,136,951,857,685,370,785,121,66,180,326,657,5781,7289,1819,359,3452,5631,22,285,121,191,356,453,112,150,33,42,153,351,18,102,380,144
2019-11-01,5459,6124,1683,290,3355,5328,417,242,169,360,414,201,321,271,1253,762,741,1147,1202,630,1292,625,1160,389,1083,973,746,119,894,854,659,388,764,99,63,186,340,648,5847,6888,1782,353,3541,5675,19,279,95,191,334,338,86,132,28,37,131,251,17,87,428,117
2019-12-01,5589,5951,1847,276,3290,5413,447,257,170,339,380,202,341,223,1189,769,727,1147,1237,638,1241,633,1134,425,1190,926,751,137,996,789,679,362,748,84,77,197,319,655,5951,6699,1931,353,3487,5771,12,321,111,294,269,309,69,133,55,36,96,222,24,86,582,99
2020-01-01,5583,6304,1712,303,3381,5396,429,299,159,318,407,190,344,249,1253,820,758,1165,1293,682,1320,665,1202,444,1120,913,743,162,936,751,663,398,820,96,66,182,347,672,5981,7124,1808,370,3563,5741,14,227,135,344,308,456,87,131,39,42,163,345,46,111,458,174
2020-02-01,5584,6194,1866,251,3304,5421,377,291,155,353,392,191,347,244,1214,854,744,1109,1288,640,1282,667,1157,451,1097,940,702,139,923,801,620,406,771,87,62,193,357,658,5990,6966,1954,313,3497,5764,24,154,126,247,271,413,87,135,26,44,148,314,38,99,367,117
2020-03-01,4780,5181,12755,281,2711,15747,377,226,124,309,295,151,879,159,1087,751,595,1117,1095,613,1157,578,1050,410,642,653,522,108,527,544,469,391,713,230,76,222,329,589,5171,5894,12985,357,2933,16275,12,607,705,1363,355,333,61,117,188,35,144,247,82,86,1232,1222
2020-04-01,3805,3955,8907,289,1825,11021,243,211,94,359,298,94,835,156,859,736,453,829,817,372,952,441,855,335,423,321,329,50,392,270,295,224,651,263,81,166,183,543,4029,4606,9170,369,1991,11531,9,686,725,1022,281,308,35,130,170,38,112,232,63,77,1206,810
2020-05-01,7875,4991,1958,240,2068,4266,754,283,108,628,314,147,319,181,1064,1003,646,1006,1001,425,1007,1051,925,330,1879,710,353,102,1734,608,317,258,621,181,81,191,204,544,8133,5612,2139,320,2259,4718,8,179,146,168,255,280,77,74,34,27,116,212,23,67,480,219
2020-06-01,7212,5464,2068,242,2413,4723,521,228,133,478,338,181,414,172,1104,956,622,1189,1079,398,1127,795,1039,400,2002,876,442,127,1822,749,411,266,665,177,95,181,223,545,7477,6129,2245,338,2594,5176,15,161,204,165,325,315,64,91,44,28,143,229,78,86,416,203
2020-07-01,5991,5712,1718,258,2818,4794,391,306,140,347,392,190,368,212,1267,830,773,1129,1149,526,1178,751,1090,433,1378,781,515,83,1180,699,471,329,818,108,86,202,256,529,6320,6530,1827,345,3020,5191,13,169,158,137,332,321,94,100,21,41,150,237,39,85,392,183
2020-08-01,5466,5722,1478,239,2712,4429,379,254,104,400,458,220,344,234,1240,876,731,1164,1152,550,1237,609,1129,393,988,763,452,80,863,683,451,538,707,82,83,219,223,593,6004,6429,1560,322,2931,4813,13,195,118,176,293,284,96,83,27,51,154,216,32,68,353,153
2020-09-01,5627,5803,1423,296,2978,4697,380,227,150,385,469,236,364,257,1164,758,694,1161,1262,640,1220,661,1110,421,1052,801,524,89,937,711,497,339,708,143,75,207,280,606,5966,6511,1567,371,3185,5123,15,145,109,172,323,297,106,124,19,35,160,233,22,64,323,125
2020-10-01,5745,6066,1452,274,3088,4815,387,242,132,393,519,244,371,288,1218,780,711,1133,1259,618,1314,655,1194,450,1120,821,571,101,962,720,522,346,732,245,73,223,299,631,6091,6798,1697,347,3311,5356,17,210,108,164,333,350,145,128,31,38,170,258,16,92,323,112
2020-11-01,5575,6144,1902,263,3030,5195,382,260,152,414,490,254,390,239,1263,758,755,1236,1343,553,1315,635,1210,379,1047,845,605,115,910,729,551,319,676,196,61,179,279,576,5894,6820,2097,325,3209,5631,11,231,107,173,319,262,81,97,26,34,121,211,30,51,440,141
2020-12-01,5254,6109,1815,258,3195,5268,389,253,156,449,502,259,403,294,1223,776,740,1186,1448,579,1241,634,1155,429,832,799,649,99,721,700,594,323,664,92,67,174,276,563,5577,6773,1906,325,3369,5601,14,259,114,235,284,270,54,123,34,27,86,212,24,58,482,93
2021-01-01,5205,6446,1573,237,3142,4952,330,317,130,360,529,255,375,302,1349,758,790,1182,1419,614,1368,555,1211,425,881,735,647,93,750,642,586,388,759,85,50,143,347,660,5594,7204,1657,287,3285,5229,15,218,96,288,370,351,105,174,31,37,158,250,24,101,418,160
2021-02-01,5468,7057,1554,265,3239,5057,360,248,169,404,595,269,378,316,1433,719,823,1186,1477,647,1588,637,1479,427,1083,949,625,124,964,825,570,304,695,71,62,190,266,597,5772,7752,1625,327,3429,5381,18,204,70,142,360,317,84,112,20,32,129,254,27,63,421,120
2021-03-01,5762,7607,1409,265,3491,5165,417,344,182,438,735,270,401,381,1659,791,941,1177,1563,633,1470,683,1342,468,1073,1097,723,147,932,950,662,386,863,79,62,171,346,725,6148,8470,1488,327,3661,5477,26,119,111,99,492,317,89,106,23,52,121,248,40,69,355,89
2021-04-01,5862,8390,1359,297,3720,5375,348,321,185,382,834,292,425,463,1696,798,935,1193,1727,702,1579,655,1434,483,1342,1306,766,169,1177,1137,692,355,966,72,57,189,311,806,6216,9356,1430,354,3909,5693,21,132,115,128,502,484,115,141,26,60,146,331,24,153,334,115
2021-05-01,5700,9008,1275,290,3667,5232,321,306,168,408,894,255,376,497,1692,795,943,1167,1888,696,1757,658,1585,494,1270,1421,784,173,1107,1248,711,313,898,77,57,169,277,768,6013,9905,1352,347,3836,5535,22,135,93,107,438,364,111,137,27,51,139,251,19,113,322,123
2021-06-01,6202,9363,1243,338,3796,5377,366,327,167,447,894,290,412,503,1888,1003,1099,1241,1932,737,1787,661,1592,509,1279,1585,793,217,1116,1368,720,404,935,55,59,189,359,794,6606,10298,1299,397,3985,5681,22,139,92,161,520,335,122,153,37,48,146,223,38,112,280,140
2021-07-01,6335,10106,1312,279,3826,5416,333,376,165,476,920,295,419,536,1853,876,1040,1321,2076,684,1871,651,1695,537,1453,1790,798,211,1275,1579,728,397,944,79,56,205,350,827,6732,11049,1390,335,4031,5756,36,108,107,147,562,607,125,226,24,60,181,402,37,206,392,89
2021-08-01,6017,10100,1274,309,3923,5506,367,386,185,474,867,289,418,489,2079,907,1172,1216,2057,727,1814,662,1639,540,1200,1731,819,197,1020,1534,748,373,856,64,63,199,327,730,6390,10956,1338,372,4122,5833,35,157,119,203,577,474,126,203,29,65,152,321,35,153,273,77
2021-09-01,6303,9921,1345,293,4105,5744,348,352,191,501,930,327,461,561,2002,895,1080,1338,1954,762,1907,748,1776,583,1210,1591,844,175,1024,1416,753,351,957,83,66,215,309,821,6653,10879,1428,359,4320,6107,31,97,118,114,636,469,131,220,39,52,234,360,24,109,378,118
2021-10-01,6278,10361,1206,309,3889,5404,378,403,183,496,942,302,424,554,2016,857,1065,1382,2115,750,2097,727,1877,538,1170,1633,767,182,992,1451,701,374,980,79,83,242,331,854,6652,11341,1285,392,4131,5808,31,153,103,114,580,484,152,210,30,63,159,373,15,111,284,100
2021-11-01,6417,10139,1295,317,4246,5858,425,365,222,494,847,328,452,505,1968,899,1017,1388,2045,843,2103,760,1900,584,1200,1595,893,194,1018,1401,825,394,980,73,71,246,342,819,6811,11119,1368,388,4491,6247,29,199,84,138,614,492,102,194,29,48,144,377,12,115,337,91
2021-12-01,6209,10327,1306,315,4153,5773,378,390,180,487,846,342,467,474,1954,851,998,1319,2092,809,2139,746,1932,522,1193,1661,845,185,1014,1477,771,387,1090,70,68,234,343,946,6596,11417,1376,382,4387,6144,34,204,100,144,627,490,74,247,44,47,113,370,22,120,464,151
2022-01-01,6021,10222,1354,358,4164,5877,315,428,175,480,897,305,457,549,1866,834,997,1266,2096,795,2096,728,1935,554,1172,1589,853,184,1008,1405,783,379,1016,80,68,240,337,896,6400,11238,1434,427,4404,6265,40,171,122,243,546,587,139,246,75,53,198,439,24,148,361,171
2022-02-01,6412,10600,1339,266,4064,5669,397,387,173,497,830,330,459,512,1961,946,1055,1388,2348,756,2188,770,1997,558,1143,1695,825,182,987,1513,755,394,1061,81,73,257,354,902,6806,11661,1420,340,4321,6081,30,123,90,104,530,471,71,262,8,38,165,333,28,138,412,93
2022-03-01,6218,11105,1296,290,4248,5834,391,445,258,516,898,346,467,559,2138,819,1316,1357,2454,797,2286,716,2115,518,1175,1650,923,172,1011,1478,839,389,1029,87,64,251,351,901,6607,12134,1383,354,4499,6235,43,88,101,102,501,471,97,263,16,43,145,348,21,123,360,92
2022-04-01,6222,10815,1285,270,4221,5775,358,441,230,504,1001,326,459,626,1896,778,1063,1307,2318,819,2213,775,2036,551,1214,1617,843,156,1046,1461,768,392,1066,68,61,236,353,945,6614,11881,1353,330,4457,6140,41,93,120,112,526,619,105,298,32,55,203,434,16,185,307,131
2022-05-01,6066,10421,1433,281,4032,5747,384,412,214,449,825,304,427,519,1919,676,1060,1344,2226,777,2199,764,2041,530,1240,1602,906,169,1059,1433,813,395,1063,76,65,226,356,938,6461,11483,1509,347,4259,6115,32,83,93,106,461,510,115,224,29,59,156,351,33,159,419,153
2022-06-01,6091,10272,1414,282,3898,5594,376,401,154,476,851,311,440,542,1627,770,867,1277,2282,753,2161,765,2002,524,1222,1586,852,156,1049,1430,771,419,984,83,74,241,382,872,6510,11256,1497,356,4139,5991,40,136,88,82,481,619,133,221,36,60,157,466,34,153,377,147
2022-07-01,6020,10383,1399,282,3829,5510,395,375,189,432,898,268,398,524,1743,760,908,1277,2101,781,2279,788,2075,500,1182,1615,826,198,1017,1417,759,450,1227,60,51,176,401,1061,6470,11610,1459,333,4005,5797,40,137,98,131,587,709,114,267,33,53,171,544,11,165,311,182
2022-08-01,6049,9195,1518,302,3965,5785,382,334,233,476,841,289,436,523,1637,828,820,1183,1785,697,2133,751,1973,529,1204,1477,869,200,1044,1277,816,394,954,91,70,235,355,824,6443,10148,1609,372,4200,6181,25,133,126,214,429,510,118,187,58,73,167,330,45,179,380,104
2022-09-01,5807,9746,1352,242,3887,5481,379,434,153,398,814,259,382,492,1660,749,850,1181,2134,753,2215,751,2058,515,1142,1524,867,198,979,1326,799,399,1066,91,66,225,354,878,6206,10812,1443,308,4111,5862,33,171,96,142,585,449,107,230,27,61,150,265,39,184,296,132
2022-10-01,5712,9497,1468,199,3732,5399,351,397,150,436,734,278,399,483,1674,733,878,1148,1797,655,2139,720,1986,508,1184,1578,873,210,1034,1367,800,392,991,71,70,212,347,874,6104,10488,1539,269,3945,5753,43,192,103,107,481,691,117,215,45,33,151,473,30,219,385,93
2022-11-01,5703,9583,1389,248,3865,5502,334,317,132,422,815,273,411,507,1568,724,852,1126,2151,725,2063,764,1905,563,1115,1536,868,189,952,1347,783,431,1035,73,74,215,387,897,6134,10619,1461,322,4080,5864,40,189,102,97,489,536,98,198,38,39,145,380,71,156,330,85
2022-12-01,5706,9849,1422,273,3946,5641,370,422,157,407,737,270,412,483,1821,765,937,1067,2136,709,2069,822,1921,589,1106,1662,838,197,934,1465,755,407,1027,97,64,227,364,887,6113,10876,1520,337,4173,6029,33,219,109,176,614,529,56,82,55,44,98,360,21,168,445,98
2023-01-01,5912,9320,1807,234,3642,5683,377,306,168,433,718,284,423,471,1789,809,867,1088,2028,529,2010,814,1827,557,1168,1510,794,179,993,1331,702,435,1073,97,54,191,393,902,6347,10393,1904,289,3833,6026,38,189,116,265,618,491,78,108,59,44,147,354,22,137,594,150
2023-02-01,5643,8836,1454,248,3736,5438,354,389,154,444,672,316,451,436,1701,724,811,1062,1824,621,1843,757,1659,551,1143,1420,899,221,954,1199,814,376,1010,85,57,190,329,874,6020,9846,1539,305,3926,5770,31,153,104,133,537,407,78,156,33,38,107,284,21,124,381,99
2023-03-01,5550,8533,1724,222,3605,5551,393,298,147,391,680,274,414,418,1381,691,692,1064,1794,624,1913,780,1720,545,1070,1445,782,234,893,1211,708,381,1038,89,55,215,335,903,5932,9572,1814,277,3820,5910,34,253,127,114,392,441,95,147,42,36,98,324,38,117,363,127
2023-04-01,5569,8927,1590,248,3431,5269,392,379,151,382,646,244,386,367,1689,708,883,1178,1806,595,1935,730,1787,477,1064,1383,781,235,898,1148,702,385,1064,96,59,188,340,902,5954,9992,1686,307,3619,5612,37,174,134,176,545,523,76,160,29,41,155,408,24,115,394,143
2023-05-01,5726,8235,1432,248,3810,5490,375,380,212,432,572,283,441,346,1525,798,753,1039,1613,633,1879,865,1667,600,1108,1308,809,154,952,1154,724,403,1075,87,61,203,352,897,6128,9310,1519,310,4013,5842,29,95,139,185,490,364,65,144,41,33,157,260,26,104,294,139
2023-06-01,5528,8057,1557,289,3500,5346,379,420,179,391,563,249,384,354,1398,684,686,1043,1527,585,1924,837,1755,549,1133,1218,817,151,936,1067,715,402,1134,80,53,189,352,960,5930,9191,1637,342,3689,5668,29,94,104,157,436,419,85,135,32,45,112,301,21,119,389,181
2023-07-01,5273,7602,1585,275,3360,5220,378,359,167,393,518,247,403,346,1432,703,717,1018,1243,604,1938,777,1770,467,997,1187,745,136,858,1051,657,374,1004,90,50,202,327,853,5646,8606,1675,325,3562,5561,31,160,135,141,485,489,89,174,42,63,125,332,32,157,388,194
2023-08-01,5436,8237,1603,308,3416,5327,366,379,165,383,583,231,384,360,1248,677,604,1030,1565,604,2096,811,1923,509,1091,1199,776,168,918,1031,687,389,1050,88,43,202,346,865,5824,9287,1691,352,3618,5661,27,177,148,173,406,565,65,141,28,40,157,417,37,147,364,170
2023-09-01,5400,8278,1492,283,3454,5230,308,421,139,383,599,226,378,343,1289,744,638,1002,1511,602,1956,766,1786,489,1163,1374,849,182,1010,1192,764,371,1001,68,51,184,327,838,5772,9279,1561,334,3638,5533,25,135,136,117,450,668,80,101,20,43,111,504,22,164,347,148
2023-10-01,5313,7582,1539,290,3377,5206,381,415,167,364,560,218,364,349,1288,659,531,1060,1501,651,1807,779,1635,507,1028,1197,725,208,871,989,669,387,969,82,45,181,344,794,5700,8550,1621,335,3558,5513,21,196,131,96,552,425,55,102,16,43,135,303,34,123,358,156
2023-11-01,5119,7644,1441,293,3358,5092,368,449,163,352,540,231,361,362,1315,642,586,880,1379,585,1881,838,1719,531,1000,1183,735,180,850,1003,665,382,1020,84,61,191,342,854,5501,8663,1526,354,3549,5429,30,224,94,144,435,384,62,131,25,38,101,270,32,114,306,118
2023-12-01,5212,7604,1555,263,3162,4980,358,453,155,354,596,229,357,420,1319,630,739,1064,1405,547,1992,746,1808,468,1001,918,720,159,828,759,645,402,981,93,62,207,357,825,5614,8585,1648,324,3370,5342,32,217,98,179,357,436,46,143,32,26,85,282,23,155,556,151
2024-01-01,5181,7577,1620,321,3154,5095,372,407,137,384,556,229,374,326,1088,566,571,1037,1443,476,2045,757,1890,474,1034,1085,771,167,860,917,705,391,891,72,63,199,349,751,5572,8468,1692,384,3353,5429,26,229,129,244,347,528,79,168,22,59,146,364,37,164,588,151
2024-02-01,5277,7521,1594,275,3276,5146,374,429,148,324,561,210,347,366,1041,654,584,1057,1399,588,1918,781,1765,496,1019,1087,734,169,835,918,656,388,924,87,52,192,345,777,5664,8445,1681,327,3468,5476,27,196,106,120,293,588,79,139,19,41,98,456,23,132,406,139
2024-03-01,5091,7101,1528,264,3158,4950,337,338,147,315,513,189,338,326,994,640,493,1099,1272,686,1870,739,1693,498,1019,1177,685,164,821,1012,610,381,992,86,61,171,334,830,5472,8093,1614,325,3329,5268,34,145,130,115,312,434,72,147,34,34,89,282,19,152,313,126
2024-04-01,5229,6764,1505,325,3194,5025,328,326,183,384,491,219,376,324,988,657,501,1025,1289,504,1769,839,1541,539,978,1042,695,144,825,898,611,355,855,82,61,220,318,719,5584,7619,1587,386,3414,5388,22,117,143,132,328,490,71,102,29,41,146,341,45,149,320,174
2024-05-01,5204,6852,1581,242,3144,4966,390,375,192,350,576,209,345,405,985,632,487,1027,1302,495,1859,783,1674,525,957,871,640,139,779,732,566,369,1049,84,53,211,332,879,5573,7901,1665,294,3355,5314,22,106,117,107,324,414,89,118,36,48,136,319,38,95,411,146
2024-06-01,4756,6455,1385,250,3114,4749,307,285,129,327,452,199,338,294,1071,651,514,927,1131,580,1784,712,1609,479,762,906,620,129,623,777,551,332,957,82,63,170,294,849,5088,7412,1467,312,3284,5064,17,102,110,153,365,403,85,92,37,36,155,302,29,101,318,130
2024-07-01,5075,6585,1658,238,3209,5105,339,229,134,348,499,217,341,337,965,646,513,927,1367,536,1694,800,1519,557,916,947,689,134,783,813,608,376,919,87,62,180,343,776,5451,7504,1745,300,3390,5434,27,163,100,216,300,472,86,127,38,60,190,359,55,112,340,193
2024-08-01,4862,6638,1615,237,3000,4853,335,304,127,302,467,210,334,298,1097,552,559,1010,1332,572,1646,652,1499,459,959,971,656,127,799,844,580,368,1011,82,58,177,333,863,5230,7649,1697,295,3177,5170,23,186,113,162,346,352,89,131,53,53,164,240,59,113,418,132
2024-09-01,5170,6241,1771,208,2899,4878,336,251,128,355,469,195,361,317,923,602,475,1044,1308,508,1473,760,1304,466,964,965,611,134,792,831,533,349,862,74,59,186,316,722,5519,7103,1844,268,3085,5197,21,161,159,113,285,398,91,122,32,38,143,305,27,93,502,163
2024-10-01,4987,6715,1706,224,3045,4975,323,249,135,320,455,197,332,311,927,624,467,968,1358,558,1606,774,1459,489,935,1166,643,98,765,1068,565,362,900,82,56,173,332,758,5350,7615,1788,280,3217,5285,25,182,116,164,315,493,77,191,29,35,120,293,37,199,414,158
2024-11-01,4961,7162,1657,249,2850,4757,337,277,143,302,443,174,315,286,1007,595,549,962,1733,481,1690,737,1520,432,953,1021,593,126,780,896,528,346,869,82,67,182,318,749,5307,8031,1739,316,3032,5087,22,178,116,178,300,534,70,109,37,26,95,400,16,135,403,136
2024-12-01,4998,6634,1573,260,2899,4731,327,205,113,300,431,182,315,291,1079,608,519,935,1364,535,1585,759,1421,457,959,1147,603,184,815,963,543,375,874,96,58,197,344,736,5374,7508,1669,318,3095,5082,21,189,100,248,380,390,50,105,29,27,104,266,30,124,422,155
2025-01-01,5000,6860,1596,285,3078,4959,346,242,164,332,513,185,337,369,1234,637,656,962,1211,589,1650,743,1498,457,901,1057,607,156,742,901,536,371,902,78,57,178,337,770,5371,7762,1674,342,3256,5272,16,196,134,293,359,573,86,143,33,48,153,380,31,193,426,190
2025-02-01,5020,6588,1680,232,3054,4966,347,286,180,318,445,179,323,313,1036,601,528,1056,1336,576,1570,709,1405,438,888,1030,641,130,711,900,564,350,892,100,53,197,320,759,5370,7480,1780,286,3250,5316,20,154,108,200,323,409,71,136,37,25,126,251,29,158,430,145
2025-03-01,5055,6342,1490,197,3159,4845,306,251,166,319,397,184,311,261,1036,632,538,1042,1249,558,1512,731,1368,483,919,960,673,135,746,825,602,349,858,100,51,186,320,737,5404,7200,1590,248,3344,5183,14,116,103,119,266,402,75,160,34,29,141,291,44,111,359,98
2025-04-01,5259,6562,1712,236,3032,4981,364,242,162,330,392,180,316,257,1036,575,561,1112,1386,545,1716,783,1547,490,1037,914,688,188,854,727,615,357,833,77,72,183,324,705,5615,7395,1789,309,3215,5313,27,162,136,121,273,460,87,184,39,32,169,306,63,154,454,197
2025-05-01,5109,6876,1521,256,3083,4860,358,232,174,279,425,148,283,296,951,575,466,1069,1302,528,1771,679,1615,446,1128,1199,768,137,923,1062,691,356,836,90,76,187,332,742,5465,7712,1611,332,3270,5213,19,116,108,114,325,449,90,165,37,36,153,367,20,82,414,134
2025-06-01,4935,6536,1717,273,3026,5016,348,242,154,293,396,175,315,243,1102,587,629,1010,1365,404,1570,704,1435,455,1013,1034,818,170,848,864,752,331,821,79,62,183,308,704,5267,7357,1796,335,3209,5341,26,133,96,150,328,344,115,165,53,47,137,265,32,79,516,152
2025-07-01,4992,6398,1731,216,3031,4977,342,306,74,314,437,184,324,261,1083,596,519,1024,1309,601,1389,694,1254,430,973,987,763,108,818,878,703,316,783,78,56,177,292,648,5308,7181,1808,272,3208,5289,15,238,122,164,399,448,101,232,45,49,188,341,42,107,385,201
