Hires: Mining and logging,Job Openings: Mining and logging,Layoffs and Discharges: Mining and logging,Other separations: Mining and logging,Quits: Mining and logging,Hires: Construction,Layoffs and Discharges: Construction,Other separations: Construction,Quits: Construction,Hires: Durable goods manufacturing,Other separations: Durable goods manufacturing,Other separations: Nondurable goods manufacturing,Hires: Wholesale trade,Job Openings: Wholesale trade,Layoffs and Discharges: Wholesale trade,Other separations: Wholesale trade,Quits: Wholesale trade,Hires: Retail trade,Job Openings: Retail trade,Other separations: Retail trade,"Hires: Transportation, warehousing, and utilities","Layoffs and Discharges: Transportation, warehousing, and utilities","Other separations: Transportation, warehousing, and utilities",Hires: Information,Job Openings: Information,Layoffs and Discharges: Information,Other separations: Information,Quits: Information,Hires: Finance and insurance,Job Openings: Finance and insurance,Layoffs and Discharges: Finance and insurance,Other separations: Finance and insurance,Quits: Finance and insurance,Hires: Real estate and rental and leasing,Job Openings: Real estate and rental and leasing,Other separations: Real estate and rental and leasing,Quits: Real estate and rental and leasing,Layoffs and Discharges: Professional and business services,Other separations: Professional and business services,Hires: Private educational services,Other separations: Private educational services,Quits: Private educational services,Other separations: Health care and social assistance,"Hires: Arts, entertainment, and recreation","Job Openings: Arts, entertainment, and recreation","Other separations: Arts, entertainment, and recreation","Quits: Arts, entertainment, and recreation",Other separations: Accommodation and food services,Hires: Other services,Job Openings: Other services,Other separations: Other services,Quits: Other services,Hires: Federal,Job Openings: Federal,Layoffs and Discharges: Federal,Other separations: Federal,Quits: Federal,Layoffs and Discharges: State and local government education,Other separations: State and local government education,"Layoffs and Discharges: State and local government, excluding education","Other separations: State and local government, excluding education","Quits: State and local government, excluding education"
16.0,7.0,22.0,0.0,5.0,263.0,384.0,24.0,71.0,189.0,35.0,10.0,94.0,167.0,111.0,11.0,45.0,850.0,372.0,30.0,109.0,30.0,31.0,78.0,130.0,23.0,7.0,52.0,142.0,187.0,24.0,14.0,97.0,50.0,63.0,8.0,50.0,504.0,43.0,30.0,5.0,14.0,27.0,105.0,24.0,6.0,27.0,22.0,95.0,275.0,2.0,78.0,54.0,55.0,8.0,7.0,11.0,42.0,11.0,44.0,19.0,52.0
25.0,13.0,13.0,3.0,11.0,433.0,348.0,28.0,145.0,310.0,36.0,18.0,176.0,275.0,66.0,10.0,127.0,713.0,541.0,116.0,141.0,74.0,19.0,182.0,261.0,70.0,19.0,116.0,260.0,247.0,94.0,42.0,122.0,89.0,51.0,1.0,80.0,726.0,66.0,62.0,7.0,26.0,31.0,101.0,63.0,3.0,23.0,58.0,199.0,299.0,31.0,76.0,35.0,64.0,16.0,21.0,23.0,22.0,16.0,33.0,23.0,56.0
16.0,8.0,5.0,4.0,5.0,380.0,285.0,7.0,146.0,268.0,22.0,14.0,131.0,215.0,63.0,6.0,75.0,547.0,532.0,44.0,143.0,29.0,9.0,125.0,149.0,42.0,9.0,52.0,141.0,212.0,25.0,9.0,90.0,66.0,41.0,1.0,29.0,371.0,18.0,54.0,6.0,11.0,24.0,81.0,46.0,1.0,36.0,34.0,161.0,125.0,22.0,117.0,19.0,59.0,5.0,7.0,15.0,19.0,11.0,27.0,16.0,72.0
26.0,17.0,8.0,2.0,9.0,556.0,256.0,21.0,161.0,265.0,27.0,14.0,127.0,115.0,37.0,12.0,85.0,669.0,423.0,38.0,122.0,32.0,11.0,100.0,128.0,21.0,14.0,50.0,147.0,200.0,22.0,11.0,104.0,50.0,76.0,0.0,28.0,360.0,53.0,61.0,6.0,23.0,29.0,134.0,121.0,4.0,33.0,28.0,205.0,128.0,19.0,67.0,28.0,66.0,7.0,4.0,16.0,13.0,11.0,26.0,17.0,68.0
24.0,18.0,8.0,1.0,13.0,634.0,169.0,30.0,236.0,259.0,30.0,15.0,190.0,232.0,70.0,9.0,99.0,848.0,534.0,53.0,179.0,62.0,14.0,143.0,177.0,55.0,16.0,102.0,172.0,210.0,52.0,20.0,89.0,90.0,45.0,6.0,52.0,328.0,62.0,53.0,5.0,29.0,30.0,229.0,63.0,0.0,66.0,26.0,230.0,184.0,13.0,110.0,29.0,81.0,6.0,7.0,14.0,12.0,12.0,48.0,22.0,57.0
32.0,12.0,9.0,1.0,10.0,596.0,213.0,17.0,172.0,237.0,29.0,8.0,179.0,128.0,89.0,16.0,92.0,966.0,460.0,42.0,191.0,63.0,9.0,113.0,94.0,37.0,4.0,79.0,158.0,197.0,39.0,20.0,67.0,77.0,52.0,3.0,36.0,380.0,80.0,60.0,3.0,35.0,19.0,262.0,77.0,0.0,57.0,44.0,148.0,216.0,1.0,91.0,46.0,77.0,5.0,6.0,21.0,67.0,33.0,27.0,17.0,85.0
35.0,10.0,8.0,4.0,14.0,561.0,204.0,18.0,189.0,230.0,29.0,12.0,129.0,137.0,49.0,12.0,73.0,865.0,425.0,20.0,152.0,62.0,8.0,115.0,90.0,55.0,8.0,70.0,162.0,210.0,26.0,28.0,85.0,83.0,35.0,13.0,54.0,348.0,58.0,55.0,17.0,67.0,40.0,224.0,60.0,0.0,64.0,31.0,202.0,230.0,2.0,78.0,61.0,86.0,5.0,6.0,11.0,99.0,50.0,32.0,17.0,57.0
31.0,16.0,9.0,7.0,14.0,515.0,195.0,37.0,231.0,220.0,35.0,9.0,171.0,141.0,98.0,5.0,103.0,824.0,433.0,47.0,185.0,61.0,18.0,134.0,132.0,45.0,21.0,107.0,167.0,231.0,48.0,14.0,131.0,85.0,66.0,10.0,72.0,416.0,94.0,77.0,9.0,39.0,22.0,184.0,79.0,5.0,69.0,40.0,210.0,269.0,18.0,121.0,44.0,50.0,10.0,9.0,21.0,61.0,40.0,30.0,25.0,68.0
24.0,14.0,10.0,1.0,19.0,390.0,248.0,38.0,198.0,201.0,46.0,16.0,164.0,106.0,62.0,10.0,102.0,840.0,386.0,32.0,158.0,43.0,13.0,118.0,104.0,45.0,7.0,87.0,157.0,179.0,29.0,33.0,116.0,62.0,66.0,5.0,51.0,455.0,103.0,125.0,6.0,35.0,38.0,129.0,60.0,8.0,126.0,24.0,217.0,206.0,2.0,166.0,32.0,55.0,5.0,8.0,31.0,50.0,20.0,143.0,27.0,123.0
20.0,10.0,7.0,3.0,12.0,409.0,252.0,24.0,174.0,188.0,23.0,9.0,159.0,88.0,62.0,10.0,80.0,906.0,422.0,48.0,155.0,68.0,13.0,96.0,65.0,47.0,6.0,59.0,113.0,204.0,40.0,9.0,61.0,82.0,49.0,4.0,39.0,367.0,79.0,135.0,5.0,35.0,35.0,108.0,64.0,6.0,74.0,33.0,197.0,248.0,14.0,130.0,29.0,47.0,10.0,9.0,15.0,19.0,18.0,104.0,29.0,105.0
20.0,13.0,10.0,2.0,15.0,473.0,323.0,27.0,172.0,212.0,26.0,12.0,186.0,100.0,94.0,16.0,72.0,1095.0,569.0,40.0,133.0,68.0,22.0,125.0,86.0,62.0,4.0,87.0,159.0,169.0,47.0,16.0,78.0,79.0,47.0,3.0,42.0,533.0,55.0,76.0,6.0,18.0,26.0,107.0,60.0,4.0,46.0,40.0,214.0,180.0,4.0,155.0,31.0,45.0,22.0,7.0,14.0,15.0,7.0,67.0,24.0,59.0
14.0,6.0,15.0,2.0,6.0,348.0,350.0,17.0,140.0,149.0,14.0,7.0,107.0,80.0,82.0,4.0,52.0,961.0,386.0,29.0,141.0,99.0,17.0,107.0,69.0,65.0,5.0,53.0,126.0,139.0,33.0,22.0,51.0,74.0,39.0,2.0,26.0,395.0,52.0,51.0,5.0,14.0,24.0,78.0,57.0,2.0,39.0,15.0,152.0,148.0,7.0,108.0,30.0,45.0,6.0,9.0,19.0,11.0,7.0,34.0,15.0,63.0
11.0,15.0,17.0,0.0,2.0,287.0,373.0,12.0,109.0,125.0,19.0,15.0,88.0,86.0,73.0,8.0,71.0,648.0,299.0,39.0,103.0,87.0,14.0,75.0,83.0,42.0,3.0,60.0,110.0,142.0,31.0,27.0,52.0,38.0,40.0,3.0,18.0,354.0,84.0,29.0,5.0,20.0,23.0,100.0,38.0,1.0,43.0,26.0,148.0,157.0,17.0,110.0,54.0,40.0,7.0,13.0,20.0,30.0,13.0,34.0,17.0,49.0
25.0,17.0,11.0,7.0,11.0,373.0,323.0,22.0,155.0,225.0,42.0,16.0,193.0,139.0,66.0,17.0,118.0,575.0,399.0,54.0,143.0,83.0,21.0,114.0,142.0,83.0,11.0,77.0,198.0,288.0,71.0,23.0,104.0,89.0,77.0,9.0,64.0,440.0,132.0,75.0,4.0,27.0,42.0,93.0,48.0,4.0,47.0,25.0,214.0,159.0,19.0,107.0,34.0,44.0,18.0,20.0,22.0,20.0,18.0,31.0,22.0,57.0
16.0,16.0,6.0,1.0,10.0,335.0,262.0,15.0,128.0,239.0,27.0,14.0,120.0,103.0,59.0,11.0,63.0,521.0,301.0,38.0,137.0,63.0,8.0,79.0,98.0,31.0,11.0,47.0,104.0,128.0,45.0,6.0,52.0,52.0,27.0,0.0,31.0,269.0,67.0,56.0,1.0,13.0,29.0,85.0,65.0,2.0,48.0,26.0,156.0,146.0,15.0,91.0,30.0,49.0,5.0,11.0,24.0,14.0,11.0,29.0,20.0,54.0
18.0,4.0,11.0,4.0,6.0,416.0,208.0,26.0,114.0,225.0,22.0,11.0,145.0,134.0,62.0,5.0,73.0,604.0,360.0,20.0,111.0,62.0,13.0,89.0,91.0,38.0,5.0,48.0,107.0,175.0,37.0,16.0,55.0,59.0,30.0,4.0,34.0,287.0,78.0,43.0,2.0,21.0,39.0,139.0,77.0,2.0,50.0,26.0,137.0,146.0,10.0,65.0,29.0,61.0,8.0,8.0,17.0,14.0,12.0,21.0,23.0,60.0
23.0,9.0,13.0,2.0,7.0,597.0,219.0,19.0,198.0,260.0,28.0,11.0,182.0,136.0,55.0,9.0,102.0,758.0,365.0,47.0,174.0,67.0,13.0,112.0,101.0,60.0,10.0,57.0,167.0,204.0,38.0,22.0,97.0,94.0,63.0,8.0,59.0,418.0,86.0,51.0,4.0,30.0,46.0,193.0,75.0,2.0,55.0,34.0,195.0,165.0,11.0,102.0,40.0,63.0,8.0,10.0,18.0,17.0,13.0,43.0,20.0,65.0
23.0,5.0,7.0,2.0,8.0,507.0,207.0,10.0,150.0,280.0,28.0,9.0,163.0,102.0,85.0,14.0,68.0,790.0,293.0,31.0,135.0,38.0,11.0,81.0,96.0,34.0,4.0,48.0,157.0,147.0,58.0,7.0,77.0,84.0,44.0,6.0,26.0,289.0,84.0,49.0,5.0,25.0,23.0,220.0,80.0,2.0,63.0,20.0,201.0,177.0,3.0,125.0,59.0,59.0,5.0,8.0,20.0,73.0,32.0,26.0,18.0,61.0
20.0,8.0,6.0,3.0,11.0,542.0,225.0,6.0,142.0,256.0,24.0,9.0,169.0,122.0,55.0,14.0,79.0,827.0,325.0,42.0,149.0,72.0,13.0,94.0,56.0,48.0,7.0,51.0,153.0,168.0,60.0,10.0,70.0,81.0,52.0,0.0,43.0,298.0,58.0,97.0,6.0,26.0,25.0,180.0,41.0,4.0,49.0,32.0,290.0,102.0,13.0,127.0,54.0,40.0,7.0,8.0,23.0,117.0,54.0,26.0,32.0,68.0
25.0,9.0,13.0,4.0,10.0,542.0,280.0,10.0,220.0,248.0,29.0,18.0,187.0,113.0,86.0,14.0,110.0,806.0,417.0,68.0,169.0,47.0,15.0,97.0,109.0,46.0,5.0,78.0,152.0,181.0,46.0,11.0,97.0,90.0,35.0,9.0,64.0,413.0,101.0,73.0,5.0,49.0,40.0,109.0,44.0,1.0,66.0,30.0,205.0,124.0,16.0,130.0,40.0,47.0,10.0,10.0,31.0,92.0,50.0,58.0,29.0,70.0
25.0,9.0,12.0,3.0,15.0,402.0,237.0,31.0,196.0,239.0,30.0,9.0,160.0,108.0,60.0,14.0,101.0,753.0,414.0,52.0,183.0,78.0,19.0,91.0,73.0,39.0,3.0,62.0,125.0,154.0,48.0,11.0,95.0,73.0,40.0,6.0,49.0,297.0,61.0,73.0,7.0,62.0,24.0,112.0,49.0,1.0,100.0,26.0,227.0,146.0,7.0,148.0,48.0,51.0,8.0,10.0,36.0,62.0,35.0,95.0,29.0,95.0
16.0,6.0,5.0,3.0,9.0,449.0,269.0,19.0,189.0,244.0,22.0,10.0,179.0,92.0,65.0,20.0,72.0,825.0,377.0,54.0,159.0,74.0,16.0,76.0,66.0,30.0,6.0,65.0,139.0,134.0,40.0,20.0,62.0,77.0,28.0,4.0,38.0,334.0,54.0,107.0,7.0,34.0,42.0,109.0,29.0,2.0,83.0,28.0,226.0,152.0,18.0,129.0,66.0,43.0,15.0,10.0,24.0,36.0,25.0,126.0,25.0,82.0
16.0,10.0,7.0,4.0,6.0,462.0,347.0,18.0,153.0,221.0,30.0,18.0,174.0,97.0,51.0,12.0,97.0,934.0,508.0,32.0,147.0,55.0,15.0,111.0,86.0,44.0,6.0,55.0,151.0,226.0,31.0,9.0,82.0,66.0,55.0,8.0,34.0,427.0,78.0,56.0,4.0,26.0,32.0,82.0,52.0,4.0,58.0,25.0,199.0,144.0,11.0,139.0,45.0,24.0,11.0,8.0,20.0,26.0,15.0,57.0,29.0,62.0
10.0,5.0,7.0,2.0,4.0,321.0,304.0,20.0,92.0,169.0,25.0,11.0,114.0,77.0,67.0,17.0,57.0,941.0,279.0,46.0,123.0,58.0,16.0,82.0,70.0,47.0,9.0,43.0,119.0,171.0,38.0,11.0,47.0,61.0,27.0,3.0,26.0,327.0,46.0,35.0,2.0,21.0,23.0,95.0,57.0,1.0,21.0,24.0,149.0,144.0,17.0,98.0,45.0,41.0,12.0,8.0,23.0,17.0,11.0,43.0,23.0,52.0
13.0,3.0,11.0,0.0,6.0,278.0,346.0,40.0,106.0,137.0,21.0,8.0,92.0,86.0,76.0,11.0,49.0,654.0,164.0,44.0,111.0,92.0,19.0,50.0,51.0,30.0,9.0,55.0,130.0,161.0,43.0,23.0,56.0,53.0,37.0,4.0,38.0,423.0,73.0,34.0,7.0,22.0,23.0,120.0,25.0,3.0,30.0,30.0,134.0,117.0,8.0,96.0,56.0,38.0,9.0,8.0,19.0,32.0,22.0,33.0,34.0,48.0
22.0,5.0,13.0,8.0,8.0,418.0,392.0,30.0,132.0,262.0,41.0,17.0,179.0,119.0,90.0,23.0,82.0,581.0,354.0,85.0,147.0,89.0,34.0,101.0,119.0,68.0,6.0,74.0,190.0,215.0,67.0,25.0,93.0,93.0,50.0,16.0,41.0,447.0,99.0,64.0,5.0,36.0,51.0,128.0,36.0,3.0,34.0,55.0,238.0,128.0,12.0,128.0,38.0,53.0,14.0,21.0,22.0,28.0,21.0,37.0,24.0,46.0
19.0,6.0,9.0,4.0,6.0,286.0,241.0,12.0,111.0,203.0,31.0,15.0,118.0,96.0,42.0,11.0,60.0,544.0,283.0,51.0,101.0,39.0,20.0,72.0,69.0,48.0,3.0,41.0,112.0,129.0,32.0,12.0,58.0,68.0,54.0,5.0,40.0,306.0,48.0,57.0,3.0,15.0,18.0,89.0,39.0,0.0,35.0,18.0,173.0,167.0,9.0,90.0,25.0,45.0,8.0,9.0,16.0,22.0,14.0,32.0,16.0,45.0
19.0,4.0,8.0,3.0,10.0,405.0,222.0,11.0,105.0,200.0,22.0,12.0,124.0,77.0,48.0,6.0,66.0,598.0,319.0,33.0,119.0,45.0,18.0,78.0,78.0,41.0,6.0,33.0,111.0,132.0,43.0,2.0,58.0,68.0,52.0,2.0,32.0,252.0,87.0,41.0,2.0,30.0,36.0,134.0,31.0,2.0,32.0,50.0,171.0,117.0,4.0,94.0,32.0,58.0,5.0,15.0,13.0,19.0,15.0,26.0,22.0,51.0
20.0,5.0,5.0,5.0,11.0,637.0,251.0,17.0,124.0,203.0,38.0,14.0,172.0,106.0,61.0,20.0,72.0,733.0,389.0,20.0,124.0,47.0,23.0,83.0,58.0,34.0,7.0,54.0,154.0,175.0,27.0,14.0,91.0,116.0,71.0,7.0,76.0,420.0,81.0,61.0,4.0,25.0,27.0,221.0,54.0,2.0,45.0,25.0,205.0,184.0,20.0,109.0,21.0,35.0,5.0,11.0,20.0,19.0,17.0,52.0,19.0,50.0
31.0,8.0,8.0,3.0,8.0,557.0,203.0,12.0,149.0,235.0,20.0,15.0,145.0,100.0,71.0,14.0,67.0,723.0,327.0,45.0,128.0,56.0,14.0,95.0,51.0,36.0,2.0,54.0,139.0,157.0,34.0,16.0,60.0,106.0,36.0,6.0,42.0,364.0,52.0,53.0,4.0,26.0,27.0,275.0,84.0,1.0,34.0,27.0,202.0,138.0,22.0,97.0,39.0,48.0,9.0,15.0,20.0,74.0,35.0,36.0,18.0,60.0
30.0,8.0,9.0,4.0,8.0,570.0,199.0,18.0,175.0,231.0,17.0,11.0,139.0,88.0,58.0,8.0,67.0,750.0,303.0,34.0,143.0,86.0,19.0,89.0,59.0,47.0,4.0,46.0,135.0,140.0,31.0,27.0,69.0,86.0,45.0,4.0,50.0,328.0,45.0,78.0,8.0,50.0,39.0,195.0,59.0,2.0,56.0,21.0,249.0,127.0,7.0,93.0,56.0,73.0,9.0,9.0,14.0,114.0,44.0,46.0,25.0,63.0
23.0,13.0,8.0,2.0,13.0,529.0,268.0,13.0,193.0,217.0,23.0,14.0,175.0,101.0,90.0,17.0,94.0,691.0,339.0,44.0,140.0,57.0,21.0,99.0,68.0,42.0,6.0,65.0,144.0,197.0,54.0,18.0,76.0,95.0,83.0,5.0,47.0,395.0,59.0,74.0,9.0,29.0,34.0,146.0,48.0,3.0,48.0,30.0,242.0,115.0,13.0,127.0,34.0,62.0,11.0,6.0,20.0,97.0,37.0,38.0,31.0,67.0
25.0,6.0,12.0,7.0,12.0,486.0,346.0,12.0,185.0,230.0,22.0,16.0,146.0,110.0,59.0,11.0,87.0,738.0,400.0,29.0,144.0,60.0,10.0,85.0,58.0,41.0,4.0,56.0,115.0,181.0,36.0,22.0,94.0,77.0,48.0,11.0,49.0,411.0,60.0,101.0,5.0,47.0,25.0,112.0,55.0,2.0,94.0,28.0,184.0,124.0,8.0,132.0,32.0,57.0,12.0,6.0,32.0,73.0,33.0,112.0,28.0,83.0
17.0,8.0,7.0,2.0,8.0,434.0,256.0,14.0,169.0,219.0,21.0,15.0,169.0,86.0,62.0,14.0,81.0,771.0,402.0,59.0,181.0,53.0,20.0,80.0,97.0,36.0,2.0,44.0,136.0,162.0,42.0,20.0,65.0,75.0,42.0,13.0,45.0,326.0,38.0,124.0,5.0,42.0,31.0,109.0,40.0,5.0,77.0,24.0,215.0,110.0,15.0,132.0,41.0,44.0,14.0,9.0,16.0,28.0,24.0,119.0,29.0,75.0
21.0,8.0,8.0,5.0,7.0,453.0,321.0,15.0,158.0,223.0,22.0,13.0,178.0,83.0,64.0,19.0,80.0,968.0,475.0,39.0,165.0,76.0,15.0,104.0,109.0,41.0,3.0,66.0,132.0,181.0,37.0,26.0,79.0,81.0,46.0,6.0,51.0,444.0,59.0,102.0,3.0,24.0,28.0,100.0,67.0,5.0,55.0,35.0,194.0,103.0,18.0,113.0,32.0,39.0,23.0,9.0,14.0,12.0,9.0,67.0,22.0,62.0
11.0,5.0,6.0,1.0,6.0,368.0,341.0,22.0,127.0,191.0,17.0,8.0,98.0,89.0,39.0,13.0,58.0,868.0,322.0,34.0,136.0,61.0,18.0,69.0,50.0,33.0,8.0,30.0,106.0,156.0,29.0,19.0,51.0,59.0,50.0,1.0,29.0,349.0,28.0,56.0,4.0,17.0,24.0,95.0,46.0,1.0,39.0,29.0,180.0,125.0,3.0,124.0,30.0,40.0,16.0,10.0,17.0,12.0,10.0,56.0,20.0,48.0
16.0,8.0,17.0,1.0,5.0,294.0,306.0,19.0,153.0,161.0,24.0,12.0,101.0,117.0,69.0,9.0,61.0,661.0,284.0,35.0,137.0,132.0,14.0,62.0,71.0,36.0,6.0,31.0,97.0,145.0,27.0,21.0,63.0,50.0,34.0,6.0,28.0,447.0,32.0,39.0,7.0,26.0,32.0,105.0,34.0,2.0,30.0,25.0,154.0,125.0,13.0,92.0,53.0,52.0,6.0,11.0,10.0,47.0,17.0,39.0,23.0,49.0
24.0,9.0,16.0,5.0,7.0,411.0,354.0,33.0,146.0,264.0,24.0,12.0,186.0,138.0,74.0,12.0,90.0,619.0,324.0,52.0,186.0,92.0,29.0,81.0,106.0,51.0,9.0,43.0,175.0,275.0,48.0,39.0,94.0,78.0,49.0,5.0,40.0,557.0,50.0,65.0,4.0,32.0,41.0,112.0,81.0,2.0,26.0,48.0,201.0,154.0,17.0,131.0,29.0,51.0,6.0,31.0,22.0,34.0,18.0,37.0,20.0,50.0
20.0,6.0,10.0,1.0,7.0,355.0,275.0,14.0,127.0,218.0,17.0,10.0,129.0,97.0,62.0,10.0,54.0,552.0,360.0,25.0,129.0,48.0,12.0,82.0,82.0,35.0,4.0,40.0,107.0,215.0,26.0,14.0,63.0,53.0,45.0,7.0,29.0,253.0,35.0,63.0,4.0,19.0,36.0,92.0,85.0,2.0,26.0,16.0,162.0,166.0,7.0,101.0,31.0,51.0,11.0,7.0,22.0,18.0,8.0,23.0,29.0,45.0
25.0,9.0,5.0,3.0,6.0,535.0,232.0,13.0,141.0,248.0,24.0,8.0,181.0,92.0,63.0,25.0,78.0,734.0,393.0,52.0,141.0,70.0,8.0,74.0,75.0,36.0,4.0,35.0,119.0,172.0,32.0,22.0,63.0,65.0,32.0,4.0,28.0,318.0,43.0,48.0,3.0,20.0,15.0,140.0,54.0,2.0,30.0,14.0,197.0,160.0,9.0,112.0,28.0,59.0,7.0,11.0,12.0,19.0,10.0,33.0,25.0,55.0
31.0,11.0,8.0,5.0,12.0,631.0,206.0,15.0,189.0,255.0,21.0,10.0,227.0,144.0,88.0,13.0,74.0,873.0,437.0,35.0,159.0,56.0,24.0,96.0,91.0,30.0,9.0,56.0,160.0,241.0,23.0,30.0,95.0,100.0,47.0,9.0,58.0,464.0,47.0,50.0,7.0,31.0,21.0,201.0,51.0,1.0,48.0,29.0,232.0,153.0,7.0,133.0,44.0,66.0,6.0,7.0,9.0,24.0,10.0,28.0,18.0,60.0
27.0,7.0,7.0,2.0,6.0,576.0,190.0,10.0,152.0,275.0,22.0,10.0,167.0,138.0,63.0,7.0,88.0,789.0,402.0,51.0,177.0,84.0,11.0,79.0,91.0,27.0,4.0,32.0,137.0,195.0,23.0,13.0,84.0,133.0,38.0,3.0,61.0,358.0,55.0,44.0,5.0,39.0,35.0,248.0,70.0,3.0,41.0,31.0,221.0,184.0,19.0,123.0,30.0,34.0,9.0,14.0,20.0,69.0,25.0,27.0,23.0,61.0
23.0,10.0,4.0,3.0,10.0,593.0,190.0,12.0,211.0,286.0,21.0,11.0,202.0,139.0,59.0,13.0,101.0,782.0,351.0,50.0,152.0,65.0,15.0,100.0,79.0,42.0,4.0,48.0,169.0,163.0,31.0,24.0,96.0,119.0,36.0,7.0,70.0,334.0,59.0,67.0,6.0,54.0,27.0,210.0,52.0,4.0,45.0,20.0,262.0,89.0,8.0,147.0,56.0,59.0,24.0,9.0,11.0,109.0,62.0,37.0,27.0,68.0
24.0,11.0,5.0,2.0,13.0,475.0,222.0,15.0,184.0,252.0,21.0,9.0,181.0,173.0,65.0,9.0,110.0,800.0,466.0,63.0,195.0,76.0,17.0,76.0,107.0,25.0,8.0,59.0,155.0,276.0,36.0,24.0,111.0,106.0,44.0,2.0,90.0,347.0,65.0,72.0,4.0,48.0,26.0,167.0,50.0,4.0,66.0,28.0,240.0,186.0,13.0,150.0,37.0,41.0,12.0,11.0,13.0,95.0,31.0,39.0,34.0,67.0
22.0,9.0,8.0,4.0,11.0,431.0,256.0,14.0,203.0,284.0,20.0,10.0,181.0,122.0,77.0,20.0,83.0,798.0,436.0,55.0,183.0,69.0,13.0,80.0,79.0,24.0,7.0,71.0,146.0,208.0,65.0,25.0,102.0,74.0,55.0,2.0,43.0,363.0,47.0,91.0,4.0,43.0,39.0,115.0,52.0,2.0,94.0,33.0,226.0,141.0,4.0,155.0,33.0,39.0,15.0,8.0,18.0,62.0,32.0,95.0,23.0,90.0
23.0,9.0,8.0,4.0,11.0,418.0,221.0,10.0,186.0,243.0,21.0,7.0,171.0,153.0,53.0,12.0,83.0,788.0,590.0,32.0,213.0,76.0,15.0,76.0,93.0,41.0,9.0,39.0,140.0,251.0,37.0,29.0,71.0,97.0,55.0,2.0,52.0,368.0,49.0,108.0,5.0,45.0,30.0,140.0,61.0,4.0,65.0,26.0,210.0,133.0,19.0,119.0,42.0,46.0,18.0,9.0,15.0,31.0,23.0,130.0,18.0,76.0
21.0,10.0,9.0,4.0,14.0,508.0,290.0,26.0,184.0,239.0,13.0,8.0,190.0,108.0,71.0,10.0,86.0,1001.0,593.0,53.0,168.0,75.0,13.0,89.0,116.0,35.0,5.0,44.0,168.0,233.0,38.0,28.0,95.0,103.0,48.0,3.0,66.0,385.0,52.0,121.0,3.0,20.0,27.0,105.0,56.0,3.0,56.0,16.0,203.0,145.0,9.0,158.0,30.0,34.0,14.0,11.0,15.0,28.0,11.0,66.0,19.0,56.0
17.0,9.0,10.0,2.0,7.0,341.0,301.0,6.0,142.0,188.0,11.0,7.0,115.0,110.0,64.0,5.0,60.0,1032.0,308.0,56.0,167.0,70.0,14.0,61.0,52.0,18.0,8.0,42.0,140.0,174.0,35.0,11.0,73.0,63.0,42.0,0.0,24.0,405.0,34.0,48.0,1.0,22.0,21.0,90.0,74.0,4.0,43.0,23.0,160.0,132.0,8.0,102.0,37.0,43.0,11.0,9.0,14.0,24.0,9.0,61.0,16.0,61.0
15.0,10.0,9.0,1.0,7.0,285.0,335.0,12.0,131.0,158.0,19.0,15.0,93.0,146.0,46.0,13.0,63.0,693.0,323.0,38.0,169.0,143.0,13.0,44.0,86.0,17.0,8.0,33.0,112.0,213.0,36.0,11.0,65.0,69.0,43.0,9.0,28.0,407.0,45.0,43.0,2.0,29.0,25.0,92.0,66.0,2.0,43.0,24.0,171.0,126.0,13.0,135.0,60.0,59.0,29.0,7.0,8.0,48.0,14.0,48.0,23.0,52.0
32.0,12.0,11.0,7.0,13.0,398.0,384.0,12.0,182.0,266.0,27.0,12.0,185.0,118.0,73.0,15.0,110.0,626.0,409.0,43.0,199.0,76.0,21.0,86.0,113.0,42.0,7.0,63.0,203.0,277.0,73.0,33.0,95.0,105.0,54.0,20.0,63.0,460.0,56.0,68.0,7.0,28.0,33.0,128.0,80.0,5.0,43.0,26.0,244.0,150.0,17.0,129.0,31.0,31.0,16.0,19.0,11.0,33.0,12.0,34.0,30.0,62.0
20.0,10.0,6.0,4.0,7.0,403.0,256.0,14.0,135.0,228.0,19.0,10.0,142.0,168.0,51.0,9.0,72.0,599.0,422.0,43.0,153.0,67.0,18.0,54.0,67.0,15.0,4.0,45.0,110.0,199.0,33.0,10.0,71.0,85.0,59.0,1.0,23.0,327.0,57.0,44.0,3.0,21.0,23.0,107.0,89.0,1.0,43.0,13.0,196.0,121.0,16.0,115.0,27.0,46.0,11.0,6.0,14.0,17.0,15.0,28.0,26.0,45.0
28.0,13.0,7.0,1.0,11.0,469.0,184.0,7.0,156.0,224.0,18.0,10.0,146.0,124.0,43.0,4.0,86.0,794.0,504.0,52.0,146.0,58.0,12.0,84.0,82.0,24.0,6.0,48.0,117.0,200.0,42.0,11.0,75.0,67.0,28.0,4.0,33.0,387.0,41.0,56.0,6.0,27.0,13.0,142.0,92.0,1.0,37.0,13.0,207.0,151.0,14.0,106.0,32.0,47.0,9.0,10.0,11.0,16.0,17.0,26.0,24.0,51.0
32.0,11.0,9.0,3.0,12.0,701.0,208.0,15.0,172.0,257.0,25.0,11.0,205.0,159.0,67.0,5.0,94.0,872.0,568.0,40.0,196.0,76.0,24.0,99.0,112.0,19.0,9.0,61.0,170.0,251.0,51.0,25.0,82.0,95.0,91.0,6.0,44.0,464.0,48.0,59.0,3.0,27.0,23.0,206.0,137.0,2.0,57.0,16.0,241.0,217.0,5.0,157.0,33.0,47.0,13.0,9.0,13.0,26.0,12.0,30.0,21.0,53.0
26.0,11.0,4.0,3.0,12.0,606.0,193.0,13.0,180.0,293.0,31.0,7.0,184.0,158.0,79.0,6.0,72.0,881.0,423.0,37.0,182.0,70.0,14.0,83.0,70.0,21.0,5.0,48.0,154.0,148.0,36.0,17.0,86.0,114.0,64.0,2.0,54.0,363.0,57.0,56.0,4.0,36.0,30.0,209.0,92.0,1.0,49.0,33.0,263.0,156.0,13.0,131.0,47.0,49.0,11.0,7.0,11.0,66.0,26.0,32.0,19.0,67.0
28.0,11.0,5.0,2.0,10.0,589.0,194.0,22.0,173.0,263.0,20.0,8.0,174.0,134.0,49.0,6.0,87.0,882.0,405.0,34.0,201.0,87.0,19.0,78.0,102.0,19.0,7.0,52.0,153.0,208.0,21.0,9.0,95.0,85.0,47.0,2.0,55.0,418.0,50.0,79.0,5.0,44.0,30.0,238.0,80.0,1.0,57.0,34.0,278.0,133.0,14.0,144.0,53.0,48.0,20.0,11.0,13.0,116.0,69.0,36.0,25.0,68.0
25.0,16.0,6.0,1.0,13.0,492.0,190.0,14.0,225.0,259.0,36.0,11.0,179.0,154.0,63.0,12.0,101.0,875.0,520.0,44.0,189.0,73.0,13.0,102.0,104.0,41.0,11.0,44.0,174.0,279.0,34.0,25.0,101.0,84.0,72.0,4.0,43.0,489.0,50.0,80.0,9.0,50.0,34.0,158.0,96.0,1.0,79.0,20.0,259.0,187.0,8.0,178.0,39.0,50.0,15.0,11.0,17.0,85.0,25.0,35.0,30.0,74.0
22.0,13.0,6.0,2.0,11.0,524.0,253.0,30.0,276.0,254.0,36.0,9.0,165.0,136.0,47.0,12.0,106.0,898.0,548.0,38.0,201.0,60.0,12.0,105.0,103.0,36.0,10.0,62.0,136.0,239.0,46.0,9.0,105.0,78.0,56.0,4.0,55.0,362.0,54.0,90.0,4.0,53.0,38.0,122.0,92.0,3.0,90.0,30.0,225.0,158.0,13.0,178.0,43.0,59.0,15.0,8.0,25.0,65.0,25.0,107.0,21.0,108.0
21.0,20.0,9.0,1.0,9.0,513.0,244.0,19.0,255.0,246.0,33.0,7.0,159.0,137.0,31.0,23.0,96.0,875.0,585.0,36.0,227.0,84.0,10.0,103.0,129.0,27.0,6.0,64.0,130.0,221.0,30.0,9.0,81.0,82.0,89.0,2.0,51.0,349.0,57.0,158.0,3.0,45.0,30.0,116.0,64.0,1.0,86.0,14.0,207.0,202.0,13.0,136.0,54.0,50.0,17.0,15.0,23.0,38.0,19.0,109.0,21.0,84.0
22.0,15.0,9.0,1.0,9.0,515.0,231.0,33.0,242.0,252.0,33.0,11.0,185.0,163.0,74.0,9.0,76.0,940.0,594.0,33.0,189.0,81.0,14.0,86.0,121.0,30.0,6.0,67.0,162.0,303.0,39.0,7.0,77.0,106.0,50.0,4.0,44.0,496.0,55.0,78.0,3.0,30.0,31.0,104.0,76.0,1.0,93.0,15.0,179.0,226.0,9.0,128.0,28.0,33.0,10.0,5.0,14.0,23.0,11.0,65.0,17.0,73.0
17.0,13.0,7.0,2.0,8.0,381.0,249.0,29.0,176.0,193.0,32.0,6.0,131.0,133.0,79.0,7.0,51.0,938.0,509.0,32.0,211.0,103.0,13.0,95.0,101.0,41.0,6.0,43.0,138.0,239.0,23.0,7.0,69.0,72.0,50.0,3.0,29.0,321.0,56.0,64.0,2.0,27.0,17.0,111.0,56.0,0.0,44.0,20.0,174.0,116.0,21.0,138.0,35.0,35.0,11.0,5.0,14.0,16.0,9.0,51.0,15.0,62.0
16.0,12.0,9.0,2.0,6.0,300.0,316.0,18.0,207.0,157.0,30.0,11.0,112.0,129.0,77.0,7.0,62.0,671.0,354.0,59.0,177.0,149.0,28.0,68.0,96.0,27.0,12.0,42.0,107.0,293.0,25.0,22.0,68.0,57.0,86.0,2.0,30.0,437.0,50.0,50.0,2.0,29.0,35.0,99.0,42.0,2.0,46.0,42.0,131.0,86.0,10.0,81.0,51.0,53.0,31.0,5.0,11.0,46.0,14.0,33.0,24.0,54.0
26.0,14.0,6.0,6.0,11.0,453.0,339.0,24.0,193.0,241.0,34.0,19.0,165.0,172.0,62.0,9.0,79.0,642.0,433.0,49.0,207.0,93.0,23.0,95.0,150.0,40.0,10.0,59.0,179.0,340.0,53.0,9.0,109.0,89.0,138.0,16.0,47.0,385.0,94.0,79.0,4.0,40.0,27.0,94.0,120.0,5.0,51.0,25.0,201.0,103.0,10.0,113.0,36.0,42.0,16.0,18.0,19.0,47.0,17.0,36.0,24.0,61.0
22.0,16.0,8.0,1.0,8.0,387.0,211.0,20.0,144.0,204.0,31.0,14.0,142.0,176.0,52.0,16.0,65.0,638.0,395.0,49.0,146.0,41.0,11.0,101.0,109.0,47.0,8.0,51.0,143.0,299.0,45.0,11.0,75.0,85.0,51.0,3.0,50.0,289.0,53.0,75.0,2.0,25.0,19.0,90.0,91.0,2.0,33.0,31.0,160.0,82.0,12.0,83.0,35.0,45.0,10.0,10.0,15.0,18.0,12.0,25.0,15.0,58.0
30.0,16.0,8.0,3.0,11.0,502.0,182.0,21.0,168.0,247.0,24.0,11.0,150.0,214.0,51.0,8.0,72.0,784.0,561.0,46.0,149.0,46.0,17.0,84.0,113.0,25.0,12.0,45.0,148.0,286.0,32.0,12.0,92.0,77.0,71.0,12.0,34.0,374.0,72.0,49.0,4.0,21.0,24.0,130.0,60.0,2.0,43.0,31.0,191.0,195.0,10.0,121.0,44.0,44.0,12.0,13.0,18.0,20.0,13.0,28.0,19.0,63.0
41.0,17.0,11.0,2.0,11.0,646.0,147.0,42.0,217.0,231.0,20.0,15.0,193.0,190.0,46.0,17.0,93.0,830.0,509.0,50.0,182.0,29.0,27.0,99.0,159.0,35.0,7.0,61.0,164.0,355.0,38.0,27.0,85.0,101.0,77.0,2.0,44.0,385.0,74.0,66.0,6.0,30.0,47.0,208.0,119.0,2.0,35.0,35.0,232.0,172.0,12.0,89.0,51.0,53.0,13.0,12.0,20.0,19.0,13.0,31.0,20.0,63.0
23.0,14.0,3.0,3.0,11.0,629.0,187.0,34.0,212.0,268.0,19.0,10.0,182.0,172.0,52.0,14.0,83.0,835.0,482.0,64.0,189.0,56.0,21.0,100.0,130.0,16.0,12.0,63.0,165.0,253.0,33.0,25.0,94.0,93.0,78.0,4.0,39.0,418.0,74.0,68.0,3.0,49.0,27.0,217.0,76.0,3.0,38.0,29.0,198.0,183.0,20.0,92.0,61.0,52.0,13.0,13.0,22.0,81.0,28.0,28.0,20.0,68.0
28.0,19.0,3.0,6.0,8.0,540.0,156.0,23.0,222.0,288.0,24.0,7.0,184.0,144.0,55.0,13.0,92.0,896.0,501.0,52.0,176.0,48.0,24.0,95.0,132.0,21.0,8.0,61.0,162.0,247.0,42.0,18.0,97.0,115.0,96.0,5.0,52.0,329.0,91.0,61.0,10.0,66.0,30.0,198.0,57.0,1.0,69.0,22.0,276.0,156.0,17.0,135.0,75.0,47.0,26.0,13.0,21.0,145.0,70.0,38.0,23.0,75.0
28.0,15.0,4.0,5.0,12.0,541.0,239.0,25.0,217.0,251.0,30.0,12.0,183.0,167.0,64.0,18.0,95.0,804.0,452.0,54.0,201.0,69.0,18.0,112.0,153.0,26.0,7.0,80.0,210.0,204.0,34.0,31.0,119.0,113.0,73.0,8.0,65.0,378.0,106.0,84.0,4.0,58.0,56.0,165.0,65.0,1.0,63.0,21.0,225.0,184.0,22.0,138.0,69.0,54.0,19.0,14.0,28.0,99.0,29.0,44.0,24.0,75.0
27.0,16.0,6.0,3.0,18.0,418.0,220.0,19.0,232.0,241.0,24.0,8.0,188.0,161.0,51.0,10.0,134.0,867.0,533.0,47.0,219.0,71.0,21.0,100.0,156.0,26.0,11.0,62.0,145.0,221.0,44.0,17.0,120.0,88.0,69.0,5.0,47.0,326.0,51.0,119.0,3.0,60.0,36.0,111.0,59.0,6.0,84.0,27.0,199.0,227.0,16.0,155.0,68.0,41.0,30.0,16.0,42.0,54.0,31.0,73.0,29.0,116.0
30.0,17.0,11.0,3.0,17.0,404.0,223.0,35.0,164.0,202.0,18.0,12.0,180.0,194.0,65.0,9.0,94.0,826.0,593.0,66.0,198.0,63.0,16.0,85.0,162.0,20.0,7.0,64.0,174.0,210.0,39.0,18.0,100.0,80.0,65.0,4.0,60.0,365.0,58.0,164.0,6.0,34.0,24.0,93.0,97.0,4.0,70.0,15.0,204.0,199.0,15.0,96.0,78.0,33.0,28.0,22.0,38.0,23.0,18.0,133.0,17.0,76.0
24.0,20.0,6.0,4.0,12.0,426.0,268.0,45.0,180.0,203.0,19.0,12.0,173.0,157.0,65.0,9.0,85.0,972.0,610.0,53.0,184.0,64.0,20.0,94.0,164.0,35.0,6.0,59.0,194.0,261.0,40.0,26.0,115.0,111.0,57.0,10.0,69.0,438.0,72.0,78.0,3.0,28.0,37.0,113.0,95.0,2.0,57.0,18.0,235.0,166.0,29.0,110.0,25.0,27.0,12.0,6.0,12.0,21.0,12.0,62.0,18.0,65.0
16.0,15.0,7.0,3.0,8.0,351.0,337.0,33.0,128.0,179.0,11.0,12.0,122.0,150.0,51.0,7.0,69.0,1027.0,508.0,53.0,160.0,56.0,9.0,89.0,152.0,33.0,8.0,43.0,143.0,230.0,24.0,7.0,80.0,88.0,62.0,1.0,41.0,419.0,72.0,50.0,4.0,20.0,29.0,117.0,78.0,2.0,46.0,13.0,136.0,150.0,19.0,85.0,37.0,31.0,10.0,8.0,18.0,18.0,10.0,60.0,15.0,58.0
17.0,16.0,8.0,2.0,9.0,269.0,327.0,13.0,143.0,143.0,18.0,8.0,119.0,172.0,44.0,19.0,79.0,625.0,436.0,61.0,129.0,84.0,13.0,66.0,147.0,34.0,4.0,35.0,129.0,190.0,42.0,23.0,78.0,63.0,63.0,4.0,43.0,414.0,54.0,39.0,4.0,29.0,31.0,102.0,50.0,7.0,49.0,26.0,117.0,185.0,6.0,63.0,42.0,35.0,16.0,8.0,14.0,45.0,15.0,39.0,24.0,53.0
27.0,16.0,13.0,3.0,12.0,389.0,337.0,34.0,139.0,241.0,36.0,10.0,175.0,235.0,70.0,10.0,101.0,659.0,474.0,86.0,183.0,106.0,22.0,107.0,173.0,64.0,6.0,52.0,186.0,216.0,57.0,13.0,137.0,78.0,52.0,7.0,43.0,483.0,79.0,79.0,4.0,39.0,51.0,129.0,79.0,4.0,29.0,25.0,194.0,186.0,22.0,119.0,49.0,29.0,18.0,20.0,19.0,36.0,17.0,37.0,27.0,64.0
23.0,12.0,6.0,2.0,11.0,262.0,231.0,26.0,112.0,205.0,19.0,7.0,142.0,144.0,47.0,6.0,81.0,598.0,425.0,49.0,132.0,41.0,17.0,80.0,165.0,43.0,3.0,38.0,140.0,213.0,33.0,19.0,94.0,76.0,57.0,6.0,32.0,308.0,54.0,73.0,4.0,22.0,17.0,108.0,84.0,1.0,31.0,15.0,122.0,249.0,11.0,81.0,44.0,37.0,12.0,17.0,19.0,14.0,12.0,24.0,25.0,47.0
24.0,17.0,4.0,2.0,13.0,507.0,180.0,22.0,124.0,221.0,16.0,8.0,176.0,202.0,44.0,5.0,120.0,794.0,443.0,55.0,156.0,57.0,25.0,68.0,155.0,25.0,6.0,45.0,143.0,261.0,47.0,14.0,99.0,73.0,73.0,7.0,53.0,363.0,64.0,58.0,2.0,25.0,28.0,134.0,82.0,1.0,38.0,19.0,183.0,160.0,6.0,100.0,56.0,44.0,12.0,20.0,20.0,16.0,11.0,21.0,17.0,61.0
32.0,17.0,8.0,2.0,13.0,566.0,231.0,11.0,164.0,226.0,23.0,9.0,233.0,231.0,66.0,8.0,111.0,783.0,505.0,47.0,168.0,53.0,16.0,99.0,170.0,21.0,7.0,59.0,169.0,175.0,43.0,23.0,130.0,86.0,106.0,9.0,35.0,555.0,77.0,64.0,5.0,36.0,23.0,166.0,106.0,4.0,41.0,24.0,195.0,196.0,20.0,116.0,61.0,43.0,13.0,21.0,21.0,21.0,13.0,32.0,18.0,63.0
35.0,14.0,6.0,2.0,19.0,523.0,184.0,22.0,161.0,258.0,20.0,11.0,191.0,178.0,57.0,10.0,89.0,857.0,416.0,33.0,158.0,39.0,14.0,90.0,180.0,24.0,9.0,41.0,192.0,212.0,31.0,11.0,132.0,107.0,57.0,6.0,44.0,363.0,46.0,62.0,7.0,41.0,28.0,204.0,82.0,4.0,41.0,19.0,195.0,178.0,6.0,113.0,79.0,48.0,16.0,22.0,25.0,81.0,30.0,34.0,16.0,72.0
34.0,11.0,5.0,2.0,15.0,527.0,206.0,8.0,154.0,262.0,24.0,7.0,202.0,185.0,45.0,15.0,110.0,772.0,475.0,53.0,157.0,50.0,17.0,89.0,178.0,23.0,10.0,47.0,195.0,206.0,45.0,11.0,112.0,82.0,64.0,8.0,31.0,285.0,49.0,96.0,6.0,47.0,40.0,207.0,97.0,3.0,64.0,23.0,283.0,177.0,11.0,128.0,80.0,36.0,21.0,22.0,26.0,112.0,72.0,43.0,25.0,65.0
33.0,16.0,8.0,2.0,16.0,483.0,197.0,17.0,254.0,229.0,12.0,10.0,200.0,186.0,96.0,10.0,88.0,742.0,534.0,44.0,170.0,60.0,15.0,96.0,160.0,39.0,9.0,45.0,207.0,251.0,61.0,18.0,110.0,90.0,77.0,5.0,41.0,402.0,77.0,84.0,9.0,68.0,50.0,135.0,69.0,8.0,75.0,34.0,252.0,167.0,23.0,139.0,80.0,36.0,21.0,25.0,30.0,132.0,40.0,48.0,25.0,69.0
29.0,11.0,10.0,3.0,20.0,421.0,287.0,15.0,235.0,234.0,19.0,8.0,168.0,196.0,66.0,8.0,112.0,835.0,499.0,44.0,154.0,58.0,20.0,95.0,127.0,40.0,14.0,52.0,175.0,236.0,94.0,13.0,140.0,94.0,73.0,4.0,53.0,344.0,55.0,124.0,5.0,40.0,26.0,121.0,67.0,8.0,112.0,23.0,189.0,178.0,3.0,142.0,99.0,51.0,26.0,31.0,43.0,65.0,32.0,105.0,21.0,96.0
27.0,14.0,7.0,2.0,21.0,389.0,257.0,14.0,168.0,212.0,14.0,13.0,169.0,164.0,67.0,7.0,90.0,860.0,530.0,46.0,171.0,41.0,14.0,82.0,117.0,24.0,8.0,44.0,148.0,221.0,60.0,12.0,92.0,88.0,39.0,4.0,51.0,426.0,57.0,134.0,5.0,34.0,23.0,128.0,61.0,2.0,81.0,12.0,212.0,165.0,6.0,122.0,89.0,50.0,31.0,34.0,40.0,26.0,17.0,99.0,17.0,88.0
23.0,13.0,9.0,2.0,12.0,410.0,254.0,11.0,180.0,225.0,11.0,10.0,197.0,170.0,81.0,10.0,87.0,970.0,556.0,35.0,163.0,68.0,19.0,75.0,111.0,23.0,10.0,45.0,192.0,198.0,71.0,10.0,111.0,94.0,82.0,5.0,49.0,511.0,76.0,80.0,4.0,28.0,41.0,113.0,77.0,3.0,54.0,21.0,184.0,210.0,12.0,124.0,26.0,40.0,16.0,7.0,11.0,21.0,9.0,57.0,17.0,67.0
26.0,13.0,12.0,1.0,11.0,281.0,274.0,22.0,131.0,198.0,14.0,11.0,121.0,105.0,72.0,11.0,54.0,1040.0,503.0,54.0,138.0,77.0,6.0,58.0,119.0,18.0,6.0,34.0,126.0,158.0,19.0,10.0,74.0,70.0,49.0,6.0,26.0,444.0,54.0,61.0,3.0,26.0,32.0,133.0,94.0,3.0,41.0,21.0,137.0,161.0,11.0,73.0,37.0,42.0,12.0,6.0,8.0,13.0,10.0,39.0,16.0,57.0
23.0,18.0,12.0,4.0,11.0,227.0,334.0,20.0,117.0,121.0,14.0,9.0,109.0,158.0,76.0,10.0,63.0,671.0,312.0,50.0,100.0,72.0,17.0,49.0,98.0,23.0,5.0,34.0,117.0,156.0,61.0,22.0,53.0,59.0,71.0,2.0,35.0,519.0,63.0,41.0,3.0,24.0,40.0,99.0,35.0,3.0,41.0,20.0,153.0,108.0,6.0,103.0,45.0,64.0,21.0,7.0,8.0,38.0,14.0,39.0,28.0,52.0
42.0,15.0,13.0,6.0,18.0,337.0,357.0,17.0,130.0,210.0,22.0,12.0,191.0,157.0,95.0,14.0,101.0,594.0,431.0,56.0,141.0,81.0,11.0,93.0,83.0,40.0,6.0,53.0,188.0,296.0,78.0,16.0,123.0,85.0,136.0,4.0,55.0,583.0,91.0,86.0,5.0,38.0,30.0,116.0,53.0,5.0,43.0,36.0,178.0,191.0,2.0,113.0,28.0,38.0,22.0,16.0,13.0,25.0,16.0,37.0,24.0,56.0
29.0,15.0,14.0,2.0,14.0,315.0,211.0,12.0,129.0,156.0,14.0,10.0,133.0,147.0,59.0,5.0,81.0,542.0,314.0,60.0,131.0,49.0,10.0,53.0,62.0,21.0,5.0,40.0,129.0,171.0,37.0,15.0,88.0,70.0,51.0,10.0,42.0,339.0,55.0,67.0,2.0,23.0,41.0,118.0,74.0,1.0,34.0,12.0,153.0,134.0,7.0,77.0,32.0,45.0,8.0,8.0,10.0,13.0,10.0,17.0,19.0,50.0
28.0,13.0,7.0,3.0,12.0,400.0,224.0,21.0,104.0,181.0,24.0,12.0,132.0,124.0,53.0,6.0,75.0,706.0,368.0,65.0,151.0,50.0,9.0,60.0,80.0,32.0,3.0,29.0,122.0,168.0,51.0,7.0,78.0,65.0,74.0,9.0,45.0,358.0,89.0,53.0,5.0,24.0,31.0,130.0,71.0,1.0,31.0,18.0,176.0,138.0,6.0,92.0,28.0,59.0,6.0,7.0,7.0,17.0,10.0,29.0,21.0,50.0
36.0,17.0,13.0,5.0,14.0,548.0,248.0,38.0,169.0,208.0,18.0,9.0,173.0,133.0,70.0,10.0,87.0,724.0,436.0,85.0,173.0,53.0,8.0,72.0,94.0,23.0,9.0,42.0,165.0,162.0,66.0,22.0,88.0,94.0,81.0,9.0,53.0,440.0,42.0,68.0,4.0,25.0,38.0,152.0,86.0,2.0,44.0,28.0,217.0,226.0,13.0,135.0,24.0,45.0,8.0,6.0,7.0,22.0,12.0,29.0,22.0,63.0
33.0,15.0,6.0,1.0,15.0,456.0,209.0,16.0,134.0,213.0,13.0,10.0,157.0,144.0,56.0,5.0,84.0,683.0,433.0,43.0,132.0,43.0,10.0,57.0,76.0,14.0,5.0,37.0,130.0,132.0,37.0,8.0,90.0,90.0,68.0,9.0,36.0,337.0,39.0,60.0,6.0,41.0,34.0,212.0,91.0,2.0,55.0,29.0,245.0,203.0,3.0,117.0,30.0,52.0,5.0,8.0,7.0,78.0,23.0,31.0,17.0,60.0
41.0,16.0,8.0,1.0,18.0,456.0,223.0,18.0,145.0,205.0,13.0,11.0,174.0,115.0,82.0,15.0,75.0,770.0,353.0,47.0,153.0,59.0,8.0,75.0,95.0,32.0,6.0,31.0,149.0,129.0,52.0,6.0,81.0,98.0,38.0,5.0,38.0,412.0,48.0,108.0,4.0,50.0,27.0,180.0,45.0,3.0,59.0,27.0,237.0,153.0,3.0,139.0,35.0,54.0,11.0,7.0,7.0,107.0,61.0,38.0,24.0,71.0
34.0,31.0,11.0,3.0,13.0,459.0,243.0,8.0,221.0,168.0,14.0,10.0,144.0,123.0,55.0,12.0,102.0,717.0,436.0,36.0,177.0,86.0,19.0,60.0,70.0,21.0,8.0,45.0,170.0,165.0,70.0,21.0,72.0,79.0,63.0,4.0,39.0,414.0,64.0,109.0,3.0,44.0,28.0,117.0,54.0,3.0,76.0,30.0,228.0,206.0,3.0,110.0,31.0,58.0,8.0,6.0,7.0,92.0,28.0,35.0,28.0,76.0
34.0,21.0,7.0,3.0,18.0,398.0,273.0,15.0,216.0,184.0,16.0,8.0,140.0,119.0,79.0,14.0,84.0,755.0,483.0,55.0,164.0,72.0,23.0,54.0,77.0,19.0,2.0,48.0,142.0,171.0,75.0,14.0,88.0,76.0,27.0,7.0,37.0,412.0,87.0,147.0,7.0,56.0,43.0,144.0,81.0,4.0,73.0,18.0,184.0,226.0,3.0,125.0,27.0,47.0,10.0,7.0,16.0,55.0,30.0,114.0,23.0,105.0
28.0,13.0,7.0,2.0,17.0,317.0,263.0,11.0,128.0,166.0,19.0,10.0,152.0,96.0,69.0,15.0,71.0,686.0,335.0,42.0,155.0,64.0,21.0,67.0,59.0,36.0,5.0,31.0,137.0,149.0,59.0,25.0,71.0,73.0,51.0,1.0,58.0,406.0,49.0,108.0,6.0,48.0,30.0,105.0,51.0,6.0,83.0,16.0,187.0,116.0,17.0,106.0,25.0,31.0,9.0,8.0,10.0,26.0,20.0,109.0,25.0,79.0
33.0,13.0,12.0,2.0,21.0,396.0,354.0,20.0,124.0,181.0,25.0,10.0,140.0,73.0,85.0,10.0,80.0,791.0,566.0,44.0,164.0,64.0,20.0,87.0,74.0,55.0,4.0,38.0,128.0,120.0,44.0,18.0,76.0,73.0,38.0,8.0,44.0,499.0,75.0,80.0,4.0,29.0,42.0,95.0,55.0,1.0,40.0,22.0,171.0,161.0,6.0,87.0,25.0,45.0,12.0,7.0,6.0,29.0,9.0,50.0,24.0,62.0
22.0,12.0,18.0,0.0,12.0,268.0,427.0,20.0,78.0,108.0,12.0,6.0,93.0,58.0,81.0,8.0,47.0,748.0,435.0,50.0,117.0,78.0,16.0,55.0,61.0,41.0,7.0,20.0,123.0,121.0,42.0,24.0,47.0,46.0,51.0,2.0,26.0,519.0,47.0,55.0,3.0,18.0,42.0,81.0,48.0,4.0,19.0,17.0,78.0,154.0,9.0,62.0,22.0,44.0,8.0,4.0,3.0,17.0,8.0,45.0,14.0,46.0
19.0,12.0,21.0,1.0,13.0,204.0,436.0,21.0,68.0,99.0,11.0,8.0,97.0,64.0,116.0,8.0,46.0,507.0,283.0,34.0,95.0,107.0,18.0,47.0,51.0,47.0,13.0,23.0,83.0,153.0,58.0,7.0,47.0,42.0,44.0,12.0,9.0,686.0,55.0,37.0,3.0,15.0,30.0,88.0,31.0,2.0,21.0,10.0,119.0,163.0,10.0,85.0,21.0,38.0,17.0,5.0,5.0,40.0,11.0,37.0,24.0,49.0
27.0,19.0,24.0,4.0,13.0,325.0,535.0,24.0,70.0,110.0,23.0,5.0,144.0,70.0,130.0,7.0,60.0,452.0,359.0,63.0,131.0,103.0,26.0,71.0,79.0,57.0,6.0,36.0,139.0,126.0,131.0,23.0,48.0,62.0,34.0,6.0,28.0,562.0,76.0,74.0,4.0,20.0,45.0,95.0,32.0,6.0,23.0,14.0,176.0,136.0,11.0,86.0,29.0,58.0,9.0,9.0,5.0,40.0,12.0,52.0,26.0,43.0
15.0,8.0,18.0,1.0,9.0,284.0,313.0,8.0,72.0,122.0,12.0,5.0,91.0,91.0,94.0,6.0,33.0,399.0,252.0,35.0,110.0,73.0,10.0,43.0,65.0,36.0,3.0,24.0,93.0,130.0,72.0,8.0,43.0,40.0,40.0,2.0,20.0,485.0,70.0,69.0,3.0,25.0,45.0,72.0,33.0,0.0,20.0,24.0,162.0,145.0,2.0,116.0,18.0,61.0,6.0,3.0,2.0,24.0,10.0,31.0,14.0,40.0
14.0,7.0,20.0,2.0,10.0,332.0,306.0,9.0,74.0,142.0,16.0,9.0,113.0,79.0,83.0,19.0,44.0,519.0,253.0,48.0,143.0,86.0,11.0,53.0,44.0,36.0,7.0,30.0,96.0,96.0,69.0,15.0,45.0,54.0,38.0,6.0,29.0,448.0,37.0,46.0,8.0,20.0,42.0,69.0,23.0,3.0,22.0,16.0,148.0,137.0,2.0,70.0,23.0,104.0,8.0,5.0,4.0,14.0,11.0,38.0,14.0,39.0
16.0,9.0,19.0,4.0,8.0,448.0,356.0,19.0,68.0,128.0,16.0,8.0,126.0,67.0,92.0,12.0,44.0,606.0,219.0,61.0,122.0,69.0,13.0,57.0,37.0,39.0,7.0,36.0,73.0,98.0,66.0,9.0,45.0,73.0,32.0,16.0,31.0,545.0,67.0,50.0,2.0,26.0,36.0,109.0,36.0,2.0,36.0,12.0,205.0,143.0,1.0,116.0,142.0,52.0,11.0,4.0,3.0,16.0,12.0,52.0,17.0,44.0
14.0,9.0,19.0,2.0,6.0,409.0,245.0,5.0,81.0,96.0,16.0,8.0,138.0,72.0,88.0,15.0,40.0,581.0,397.0,58.0,124.0,71.0,7.0,55.0,38.0,31.0,7.0,39.0,108.0,121.0,71.0,14.0,28.0,66.0,33.0,1.0,36.0,341.0,37.0,56.0,6.0,25.0,22.0,139.0,35.0,1.0,40.0,24.0,187.0,117.0,2.0,78.0,25.0,28.0,64.0,6.0,10.0,88.0,20.0,39.0,19.0,44.0
18.0,5.0,12.0,3.0,6.0,333.0,230.0,8.0,83.0,120.0,27.0,9.0,106.0,82.0,70.0,4.0,46.0,525.0,276.0,40.0,120.0,76.0,8.0,69.0,44.0,32.0,6.0,28.0,109.0,112.0,62.0,4.0,45.0,81.0,28.0,1.0,16.0,374.0,43.0,92.0,8.0,48.0,52.0,140.0,16.0,2.0,51.0,28.0,287.0,153.0,13.0,102.0,41.0,42.0,63.0,6.0,7.0,151.0,54.0,42.0,23.0,53.0
18.0,4.0,18.0,3.0,4.0,383.0,325.0,12.0,91.0,145.0,10.0,8.0,115.0,69.0,82.0,9.0,54.0,507.0,232.0,43.0,150.0,89.0,16.0,79.0,41.0,52.0,4.0,42.0,128.0,102.0,75.0,7.0,48.0,88.0,36.0,6.0,32.0,402.0,59.0,97.0,8.0,35.0,27.0,105.0,35.0,4.0,35.0,20.0,212.0,117.0,13.0,89.0,42.0,51.0,11.0,11.0,5.0,129.0,53.0,56.0,21.0,52.0
12.0,3.0,9.0,2.0,10.0,260.0,288.0,7.0,85.0,134.0,17.0,7.0,105.0,86.0,81.0,6.0,45.0,576.0,325.0,57.0,127.0,61.0,8.0,61.0,38.0,31.0,7.0,35.0,95.0,88.0,47.0,15.0,63.0,81.0,27.0,3.0,29.0,368.0,37.0,131.0,4.0,38.0,51.0,111.0,27.0,5.0,57.0,24.0,170.0,128.0,20.0,82.0,28.0,32.0,9.0,10.0,17.0,56.0,24.0,150.0,22.0,76.0
15.0,7.0,13.0,2.0,6.0,304.0,300.0,7.0,81.0,136.0,19.0,8.0,124.0,59.0,68.0,10.0,54.0,604.0,323.0,46.0,168.0,87.0,15.0,60.0,55.0,26.0,3.0,25.0,79.0,125.0,32.0,19.0,38.0,60.0,57.0,2.0,23.0,361.0,32.0,104.0,7.0,33.0,32.0,108.0,24.0,3.0,23.0,27.0,191.0,88.0,2.0,92.0,24.0,56.0,10.0,9.0,9.0,54.0,21.0,123.0,24.0,48.0
20.0,7.0,16.0,2.0,6.0,316.0,332.0,7.0,71.0,118.0,10.0,8.0,105.0,61.0,64.0,19.0,45.0,607.0,331.0,53.0,133.0,64.0,17.0,75.0,72.0,42.0,8.0,27.0,127.0,96.0,48.0,16.0,63.0,77.0,61.0,3.0,25.0,376.0,45.0,100.0,2.0,27.0,22.0,78.0,17.0,4.0,34.0,16.0,144.0,92.0,16.0,73.0,42.0,104.0,9.0,17.0,4.0,14.0,8.0,71.0,23.0,48.0
17.0,7.0,12.0,1.0,4.0,239.0,272.0,8.0,67.0,111.0,7.0,6.0,97.0,43.0,67.0,6.0,48.0,672.0,253.0,32.0,163.0,83.0,7.0,67.0,36.0,32.0,6.0,32.0,73.0,121.0,23.0,6.0,29.0,38.0,35.0,3.0,20.0,408.0,60.0,45.0,2.0,21.0,18.0,98.0,26.0,5.0,27.0,13.0,112.0,97.0,10.0,73.0,29.0,88.0,19.0,5.0,5.0,14.0,9.0,46.0,17.0,42.0
16.0,6.0,20.0,2.0,4.0,198.0,359.0,20.0,63.0,81.0,11.0,10.0,81.0,68.0,80.0,7.0,31.0,419.0,194.0,36.0,123.0,200.0,12.0,56.0,51.0,50.0,7.0,23.0,78.0,86.0,46.0,12.0,38.0,58.0,28.0,2.0,28.0,474.0,37.0,38.0,3.0,19.0,36.0,67.0,12.0,1.0,23.0,16.0,119.0,96.0,17.0,47.0,20.0,71.0,15.0,11.0,9.0,56.0,15.0,40.0,28.0,36.0
28.0,9.0,14.0,3.0,8.0,271.0,358.0,26.0,84.0,148.0,21.0,10.0,109.0,84.0,83.0,20.0,44.0,451.0,306.0,48.0,124.0,70.0,26.0,72.0,96.0,55.0,10.0,20.0,120.0,167.0,50.0,45.0,55.0,55.0,30.0,9.0,28.0,454.0,67.0,65.0,6.0,34.0,36.0,78.0,20.0,4.0,39.0,19.0,156.0,162.0,7.0,71.0,46.0,147.0,7.0,13.0,5.0,43.0,14.0,50.0,25.0,41.0
20.0,12.0,8.0,1.0,6.0,236.0,225.0,16.0,62.0,123.0,8.0,5.0,108.0,68.0,67.0,17.0,33.0,401.0,279.0,47.0,89.0,41.0,8.0,38.0,73.0,22.0,4.0,20.0,82.0,102.0,32.0,24.0,34.0,47.0,31.0,6.0,26.0,339.0,50.0,55.0,2.0,20.0,27.0,57.0,30.0,3.0,20.0,16.0,125.0,160.0,9.0,41.0,37.0,129.0,8.0,8.0,9.0,17.0,14.0,29.0,21.0,38.0
22.0,11.0,7.0,1.0,6.0,419.0,217.0,18.0,69.0,141.0,9.0,13.0,124.0,96.0,52.0,10.0,51.0,650.0,304.0,23.0,112.0,35.0,15.0,45.0,51.0,22.0,7.0,39.0,92.0,145.0,37.0,15.0,58.0,39.0,16.0,5.0,17.0,309.0,74.0,59.0,3.0,23.0,36.0,101.0,28.0,1.0,22.0,15.0,147.0,136.0,2.0,74.0,87.0,161.0,13.0,9.0,8.0,22.0,12.0,36.0,21.0,40.0
27.0,19.0,8.0,2.0,7.0,487.0,234.0,24.0,68.0,172.0,17.0,7.0,151.0,90.0,57.0,7.0,58.0,582.0,293.0,41.0,123.0,37.0,10.0,50.0,80.0,19.0,3.0,26.0,125.0,215.0,37.0,29.0,68.0,75.0,42.0,5.0,34.0,381.0,36.0,46.0,3.0,31.0,25.0,166.0,40.0,1.0,36.0,21.0,171.0,239.0,10.0,92.0,103.0,374.0,19.0,13.0,8.0,22.0,17.0,40.0,21.0,45.0
31.0,17.0,8.0,2.0,7.0,388.0,232.0,9.0,58.0,172.0,13.0,8.0,119.0,106.0,66.0,2.0,42.0,587.0,319.0,55.0,135.0,43.0,18.0,46.0,78.0,26.0,3.0,21.0,116.0,168.0,38.0,11.0,58.0,74.0,36.0,9.0,30.0,322.0,74.0,49.0,3.0,32.0,24.0,175.0,66.0,3.0,33.0,22.0,208.0,128.0,8.0,105.0,507.0,152.0,37.0,8.0,11.0,97.0,29.0,39.0,28.0,44.0
27.0,13.0,5.0,3.0,8.0,335.0,171.0,10.0,70.0,173.0,15.0,4.0,116.0,82.0,47.0,3.0,53.0,597.0,291.0,44.0,166.0,58.0,21.0,60.0,56.0,21.0,7.0,26.0,145.0,156.0,26.0,27.0,80.0,73.0,36.0,2.0,34.0,338.0,48.0,88.0,6.0,40.0,41.0,198.0,51.0,3.0,32.0,16.0,235.0,109.0,19.0,106.0,70.0,81.0,241.0,9.0,29.0,156.0,79.0,40.0,35.0,54.0
27.0,12.0,6.0,3.0,9.0,400.0,245.0,15.0,95.0,176.0,14.0,8.0,139.0,97.0,83.0,11.0,47.0,585.0,355.0,37.0,159.0,54.0,22.0,63.0,98.0,31.0,4.0,31.0,136.0,191.0,39.0,25.0,63.0,64.0,32.0,2.0,31.0,402.0,48.0,107.0,7.0,40.0,37.0,134.0,38.0,4.0,43.0,40.0,186.0,170.0,7.0,84.0,44.0,82.0,153.0,11.0,21.0,110.0,63.0,52.0,28.0,48.0
29.0,14.0,7.0,3.0,12.0,334.0,245.0,6.0,118.0,163.0,11.0,9.0,108.0,95.0,50.0,7.0,57.0,592.0,330.0,72.0,112.0,34.0,17.0,63.0,87.0,23.0,5.0,34.0,108.0,172.0,40.0,12.0,65.0,62.0,59.0,6.0,42.0,398.0,39.0,123.0,3.0,39.0,32.0,108.0,48.0,5.0,66.0,26.0,156.0,152.0,6.0,96.0,45.0,105.0,126.0,9.0,21.0,94.0,46.0,98.0,31.0,68.0
22.0,17.0,7.0,1.0,8.0,301.0,234.0,14.0,92.0,137.0,8.0,6.0,142.0,84.0,69.0,13.0,43.0,592.0,330.0,36.0,152.0,40.0,19.0,62.0,63.0,28.0,6.0,31.0,117.0,198.0,41.0,9.0,58.0,42.0,24.0,4.0,37.0,337.0,42.0,130.0,3.0,44.0,27.0,108.0,30.0,1.0,62.0,28.0,161.0,106.0,14.0,89.0,34.0,76.0,91.0,12.0,15.0,49.0,28.0,106.0,29.0,52.0
25.0,22.0,8.0,2.0,7.0,357.0,255.0,25.0,91.0,148.0,16.0,6.0,107.0,77.0,56.0,9.0,43.0,703.0,454.0,43.0,150.0,64.0,11.0,72.0,64.0,23.0,6.0,39.0,138.0,215.0,60.0,12.0,55.0,50.0,40.0,2.0,23.0,355.0,34.0,103.0,2.0,27.0,28.0,76.0,34.0,3.0,54.0,21.0,186.0,109.0,13.0,77.0,31.0,70.0,25.0,7.0,7.0,14.0,10.0,57.0,20.0,42.0
20.0,21.0,10.0,1.0,6.0,254.0,292.0,13.0,46.0,137.0,10.0,3.0,91.0,79.0,59.0,12.0,31.0,720.0,326.0,32.0,164.0,52.0,13.0,67.0,72.0,22.0,6.0,35.0,92.0,195.0,29.0,11.0,37.0,42.0,34.0,6.0,18.0,370.0,43.0,66.0,3.0,27.0,25.0,81.0,25.0,1.0,31.0,33.0,125.0,113.0,17.0,68.0,24.0,67.0,12.0,5.0,6.0,19.0,10.0,57.0,16.0,34.0
13.0,19.0,14.0,3.0,7.0,213.0,401.0,3.0,70.0,102.0,18.0,7.0,94.0,74.0,65.0,9.0,34.0,396.0,215.0,29.0,157.0,127.0,15.0,56.0,72.0,34.0,5.0,39.0,87.0,156.0,44.0,18.0,48.0,54.0,22.0,2.0,31.0,535.0,46.0,40.0,6.0,22.0,41.0,71.0,26.0,3.0,31.0,19.0,97.0,82.0,14.0,79.0,24.0,92.0,14.0,8.0,5.0,55.0,18.0,50.0,30.0,35.0
21.0,32.0,13.0,2.0,7.0,250.0,322.0,11.0,55.0,166.0,17.0,8.0,143.0,139.0,72.0,22.0,61.0,471.0,309.0,59.0,104.0,109.0,18.0,69.0,94.0,37.0,11.0,31.0,101.0,223.0,51.0,19.0,46.0,60.0,37.0,6.0,35.0,510.0,76.0,94.0,10.0,29.0,66.0,75.0,33.0,4.0,28.0,23.0,162.0,125.0,18.0,86.0,29.0,60.0,5.0,17.0,10.0,42.0,17.0,29.0,31.0,40.0
17.0,17.0,3.0,1.0,11.0,290.0,207.0,7.0,53.0,146.0,13.0,5.0,128.0,130.0,46.0,14.0,51.0,447.0,341.0,36.0,114.0,29.0,9.0,36.0,66.0,19.0,5.0,24.0,77.0,155.0,33.0,10.0,40.0,41.0,33.0,8.0,15.0,333.0,47.0,70.0,4.0,22.0,51.0,68.0,50.0,2.0,25.0,22.0,165.0,138.0,8.0,69.0,20.0,64.0,5.0,8.0,6.0,16.0,10.0,25.0,16.0,38.0
26.0,31.0,3.0,1.0,7.0,379.0,206.0,14.0,68.0,153.0,11.0,10.0,136.0,109.0,48.0,14.0,45.0,604.0,316.0,28.0,119.0,34.0,14.0,50.0,104.0,27.0,3.0,26.0,87.0,166.0,26.0,8.0,58.0,58.0,32.0,7.0,30.0,342.0,55.0,44.0,3.0,25.0,37.0,126.0,42.0,2.0,32.0,9.0,140.0,109.0,17.0,62.0,27.0,60.0,6.0,7.0,7.0,24.0,12.0,22.0,23.0,43.0
39.0,30.0,8.0,2.0,8.0,504.0,231.0,17.0,96.0,160.0,12.0,9.0,141.0,112.0,39.0,14.0,48.0,636.0,403.0,40.0,136.0,34.0,19.0,72.0,106.0,17.0,7.0,40.0,87.0,204.0,15.0,20.0,59.0,57.0,68.0,2.0,24.0,498.0,45.0,65.0,5.0,28.0,40.0,157.0,59.0,1.0,38.0,24.0,191.0,128.0,5.0,71.0,22.0,54.0,9.0,10.0,8.0,35.0,10.0,25.0,25.0,46.0
33.0,18.0,6.0,2.0,10.0,497.0,229.0,12.0,84.0,183.0,12.0,7.0,145.0,91.0,63.0,11.0,53.0,633.0,429.0,58.0,122.0,27.0,18.0,61.0,103.0,20.0,3.0,33.0,116.0,147.0,25.0,15.0,49.0,53.0,40.0,1.0,27.0,490.0,43.0,43.0,8.0,39.0,31.0,183.0,51.0,3.0,37.0,16.0,210.0,115.0,6.0,86.0,38.0,66.0,7.0,9.0,8.0,101.0,36.0,30.0,24.0,53.0
37.0,14.0,6.0,1.0,11.0,476.0,243.0,10.0,90.0,177.0,17.0,7.0,136.0,123.0,64.0,13.0,38.0,614.0,426.0,43.0,154.0,43.0,16.0,81.0,86.0,22.0,4.0,33.0,119.0,169.0,29.0,17.0,62.0,74.0,38.0,2.0,32.0,390.0,42.0,93.0,10.0,45.0,44.0,189.0,66.0,2.0,40.0,16.0,241.0,129.0,20.0,78.0,31.0,57.0,10.0,12.0,11.0,101.0,56.0,47.0,36.0,51.0
33.0,29.0,5.0,1.0,14.0,402.0,220.0,17.0,99.0,155.0,14.0,10.0,118.0,140.0,49.0,17.0,48.0,608.0,460.0,50.0,156.0,56.0,22.0,55.0,108.0,27.0,5.0,36.0,124.0,191.0,26.0,6.0,78.0,58.0,87.0,2.0,34.0,402.0,50.0,107.0,8.0,48.0,40.0,124.0,72.0,2.0,64.0,33.0,254.0,131.0,8.0,100.0,28.0,67.0,8.0,10.0,9.0,131.0,53.0,43.0,29.0,61.0
27.0,20.0,7.0,1.0,17.0,336.0,257.0,10.0,101.0,154.0,14.0,7.0,122.0,75.0,34.0,23.0,63.0,598.0,444.0,35.0,143.0,47.0,20.0,75.0,113.0,18.0,2.0,50.0,98.0,128.0,28.0,14.0,60.0,73.0,46.0,7.0,45.0,439.0,45.0,145.0,9.0,72.0,31.0,112.0,52.0,2.0,91.0,24.0,176.0,98.0,9.0,106.0,20.0,53.0,17.0,8.0,15.0,73.0,33.0,96.0,23.0,75.0
32.0,25.0,7.0,1.0,15.0,361.0,241.0,14.0,95.0,137.0,13.0,5.0,132.0,138.0,50.0,8.0,60.0,614.0,488.0,39.0,147.0,41.0,23.0,61.0,115.0,20.0,5.0,40.0,96.0,145.0,41.0,10.0,49.0,50.0,34.0,6.0,27.0,390.0,48.0,165.0,4.0,37.0,26.0,135.0,59.0,2.0,78.0,21.0,221.0,140.0,9.0,101.0,27.0,60.0,19.0,9.0,11.0,36.0,19.0,116.0,19.0,50.0
30.0,22.0,5.0,3.0,15.0,331.0,237.0,16.0,92.0,143.0,14.0,9.0,138.0,159.0,50.0,15.0,75.0,695.0,543.0,49.0,165.0,65.0,17.0,65.0,124.0,22.0,3.0,34.0,107.0,192.0,26.0,12.0,55.0,85.0,65.0,9.0,36.0,403.0,71.0,86.0,3.0,24.0,38.0,101.0,61.0,1.0,35.0,17.0,219.0,118.0,13.0,94.0,26.0,73.0,12.0,7.0,8.0,14.0,12.0,66.0,19.0,46.0
21.0,23.0,8.0,1.0,9.0,241.0,227.0,9.0,90.0,118.0,7.0,4.0,89.0,116.0,47.0,14.0,41.0,747.0,478.0,35.0,176.0,50.0,12.0,64.0,95.0,22.0,2.0,30.0,99.0,117.0,31.0,9.0,39.0,49.0,32.0,3.0,25.0,430.0,42.0,60.0,4.0,15.0,23.0,125.0,48.0,3.0,30.0,25.0,149.0,96.0,5.0,75.0,22.0,55.0,11.0,10.0,7.0,22.0,10.0,32.0,22.0,40.0
21.0,30.0,12.0,5.0,11.0,179.0,273.0,11.0,64.0,107.0,10.0,8.0,117.0,107.0,70.0,8.0,36.0,400.0,325.0,28.0,150.0,144.0,16.0,59.0,98.0,29.0,5.0,36.0,92.0,160.0,33.0,23.0,53.0,41.0,23.0,1.0,19.0,517.0,38.0,47.0,4.0,26.0,49.0,94.0,25.0,2.0,37.0,15.0,123.0,100.0,5.0,61.0,17.0,67.0,8.0,15.0,7.0,49.0,16.0,48.0,37.0,52.0
40.0,27.0,16.0,2.0,17.0,298.0,298.0,19.0,63.0,169.0,22.0,9.0,150.0,165.0,89.0,16.0,46.0,471.0,341.0,72.0,140.0,101.0,13.0,59.0,91.0,35.0,2.0,43.0,121.0,180.0,31.0,57.0,48.0,58.0,91.0,5.0,32.0,447.0,97.0,89.0,7.0,34.0,33.0,117.0,68.0,1.0,32.0,12.0,185.0,125.0,9.0,89.0,20.0,63.0,7.0,12.0,10.0,30.0,19.0,41.0,33.0,44.0
28.0,23.0,12.0,0.0,13.0,291.0,215.0,7.0,61.0,136.0,12.0,14.0,108.0,120.0,38.0,10.0,41.0,428.0,340.0,38.0,119.0,37.0,18.0,53.0,92.0,26.0,1.0,27.0,81.0,118.0,22.0,12.0,42.0,57.0,55.0,9.0,17.0,452.0,37.0,75.0,3.0,22.0,37.0,107.0,63.0,3.0,31.0,20.0,137.0,145.0,9.0,62.0,20.0,80.0,6.0,8.0,11.0,14.0,10.0,30.0,21.0,45.0
35.0,18.0,12.0,3.0,14.0,315.0,179.0,10.0,79.0,169.0,17.0,7.0,145.0,120.0,58.0,8.0,57.0,575.0,415.0,38.0,139.0,41.0,20.0,57.0,98.0,26.0,5.0,29.0,105.0,193.0,20.0,10.0,65.0,60.0,47.0,4.0,19.0,363.0,68.0,51.0,5.0,25.0,31.0,154.0,52.0,1.0,36.0,15.0,158.0,145.0,3.0,84.0,28.0,88.0,5.0,7.0,9.0,19.0,12.0,34.0,26.0,45.0
40.0,19.0,12.0,1.0,18.0,380.0,182.0,14.0,73.0,165.0,17.0,9.0,161.0,154.0,60.0,7.0,53.0,610.0,394.0,45.0,160.0,49.0,29.0,67.0,117.0,24.0,7.0,31.0,133.0,209.0,49.0,23.0,67.0,83.0,38.0,3.0,47.0,499.0,47.0,52.0,4.0,29.0,23.0,197.0,110.0,2.0,40.0,23.0,214.0,202.0,4.0,94.0,28.0,81.0,6.0,11.0,10.0,29.0,11.0,26.0,24.0,48.0
40.0,22.0,13.0,2.0,15.0,412.0,217.0,7.0,81.0,168.0,16.0,6.0,132.0,139.0,47.0,8.0,58.0,639.0,364.0,53.0,170.0,46.0,15.0,71.0,80.0,21.0,5.0,38.0,137.0,160.0,35.0,21.0,57.0,63.0,57.0,3.0,25.0,511.0,49.0,59.0,4.0,36.0,36.0,208.0,83.0,1.0,49.0,26.0,250.0,160.0,11.0,94.0,39.0,69.0,6.0,10.0,13.0,101.0,31.0,52.0,20.0,49.0
34.0,19.0,10.0,3.0,14.0,427.0,194.0,12.0,102.0,193.0,11.0,6.0,138.0,148.0,39.0,9.0,68.0,592.0,350.0,45.0,173.0,58.0,24.0,66.0,94.0,18.0,6.0,41.0,142.0,176.0,29.0,28.0,69.0,75.0,52.0,1.0,31.0,399.0,61.0,79.0,14.0,61.0,40.0,192.0,60.0,1.0,53.0,30.0,238.0,146.0,2.0,113.0,41.0,74.0,8.0,11.0,9.0,100.0,72.0,52.0,32.0,55.0
29.0,15.0,6.0,4.0,20.0,439.0,255.0,15.0,106.0,157.0,10.0,9.0,148.0,173.0,44.0,15.0,84.0,582.0,432.0,51.0,156.0,55.0,15.0,62.0,78.0,22.0,4.0,33.0,123.0,171.0,24.0,27.0,61.0,68.0,71.0,6.0,35.0,355.0,69.0,110.0,6.0,47.0,30.0,124.0,63.0,2.0,64.0,37.0,213.0,120.0,14.0,114.0,23.0,62.0,11.0,10.0,10.0,68.0,55.0,52.0,32.0,59.0
31.0,16.0,12.0,2.0,20.0,333.0,240.0,15.0,98.0,145.0,15.0,9.0,140.0,143.0,52.0,12.0,88.0,646.0,535.0,51.0,170.0,54.0,16.0,85.0,97.0,33.0,6.0,50.0,128.0,202.0,35.0,17.0,83.0,71.0,51.0,13.0,41.0,415.0,42.0,132.0,6.0,71.0,60.0,115.0,61.0,3.0,89.0,29.0,176.0,84.0,16.0,149.0,37.0,96.0,17.0,7.0,14.0,57.0,37.0,116.0,27.0,84.0
25.0,15.0,12.0,2.0,16.0,348.0,265.0,8.0,84.0,129.0,10.0,5.0,134.0,151.0,68.0,6.0,55.0,620.0,621.0,53.0,154.0,56.0,18.0,58.0,93.0,24.0,6.0,40.0,120.0,219.0,24.0,29.0,62.0,70.0,73.0,9.0,43.0,417.0,47.0,158.0,5.0,52.0,40.0,103.0,48.0,4.0,49.0,21.0,197.0,126.0,4.0,82.0,34.0,70.0,19.0,10.0,10.0,24.0,18.0,89.0,26.0,68.0
30.0,14.0,13.0,2.0,24.0,317.0,207.0,2.0,111.0,151.0,10.0,6.0,144.0,152.0,66.0,11.0,77.0,747.0,449.0,42.0,184.0,48.0,19.0,72.0,95.0,18.0,9.0,41.0,143.0,215.0,38.0,27.0,60.0,73.0,65.0,4.0,33.0,444.0,58.0,84.0,5.0,28.0,28.0,96.0,52.0,3.0,43.0,26.0,186.0,167.0,3.0,71.0,30.0,65.0,15.0,8.0,10.0,21.0,10.0,60.0,27.0,52.0
28.0,17.0,11.0,2.0,11.0,291.0,306.0,9.0,76.0,137.0,9.0,5.0,87.0,120.0,55.0,11.0,36.0,807.0,435.0,37.0,202.0,48.0,23.0,72.0,107.0,20.0,4.0,27.0,125.0,165.0,43.0,15.0,46.0,57.0,50.0,7.0,27.0,476.0,40.0,40.0,3.0,19.0,37.0,95.0,49.0,1.0,30.0,12.0,167.0,109.0,13.0,73.0,19.0,50.0,12.0,11.0,9.0,12.0,9.0,44.0,17.0,50.0
22.0,17.0,19.0,1.0,10.0,176.0,254.0,6.0,58.0,102.0,11.0,9.0,105.0,121.0,62.0,8.0,39.0,452.0,377.0,60.0,167.0,116.0,8.0,55.0,77.0,21.0,7.0,36.0,76.0,166.0,25.0,32.0,39.0,53.0,69.0,8.0,19.0,436.0,52.0,42.0,5.0,21.0,39.0,110.0,43.0,1.0,28.0,22.0,122.0,104.0,13.0,73.0,23.0,74.0,13.0,14.0,8.0,30.0,17.0,48.0,37.0,43.0
35.0,19.0,21.0,3.0,11.0,304.0,238.0,13.0,119.0,162.0,17.0,14.0,140.0,154.0,56.0,16.0,68.0,490.0,395.0,64.0,148.0,122.0,22.0,69.0,77.0,32.0,13.0,47.0,153.0,165.0,51.0,45.0,70.0,78.0,88.0,15.0,26.0,500.0,71.0,79.0,12.0,38.0,51.0,94.0,52.0,1.0,39.0,38.0,181.0,166.0,19.0,107.0,31.0,85.0,6.0,26.0,8.0,36.0,24.0,32.0,30.0,57.0
29.0,25.0,16.0,1.0,11.0,321.0,188.0,8.0,86.0,133.0,11.0,6.0,109.0,101.0,38.0,5.0,54.0,497.0,356.0,59.0,121.0,41.0,20.0,68.0,103.0,21.0,1.0,25.0,107.0,219.0,35.0,22.0,46.0,63.0,58.0,7.0,40.0,310.0,35.0,51.0,2.0,25.0,27.0,84.0,55.0,1.0,35.0,15.0,160.0,116.0,15.0,101.0,23.0,72.0,6.0,9.0,9.0,14.0,11.0,25.0,24.0,51.0
31.0,14.0,10.0,3.0,16.0,353.0,205.0,4.0,79.0,143.0,10.0,7.0,120.0,148.0,37.0,12.0,55.0,549.0,443.0,32.0,125.0,45.0,28.0,42.0,96.0,11.0,9.0,25.0,107.0,266.0,26.0,20.0,65.0,61.0,49.0,2.0,24.0,325.0,49.0,60.0,3.0,21.0,37.0,124.0,68.0,1.0,45.0,24.0,191.0,174.0,9.0,81.0,18.0,63.0,6.0,8.0,11.0,17.0,8.0,42.0,22.0,47.0
34.0,22.0,12.0,3.0,14.0,402.0,179.0,12.0,92.0,162.0,14.0,9.0,130.0,142.0,31.0,6.0,75.0,651.0,549.0,47.0,155.0,52.0,11.0,70.0,76.0,24.0,5.0,43.0,140.0,237.0,28.0,30.0,75.0,68.0,58.0,10.0,29.0,436.0,40.0,58.0,5.0,27.0,54.0,186.0,69.0,2.0,36.0,29.0,208.0,150.0,5.0,82.0,25.0,86.0,6.0,7.0,9.0,15.0,12.0,29.0,21.0,58.0
31.0,20.0,8.0,1.0,14.0,433.0,169.0,15.0,95.0,185.0,16.0,13.0,118.0,127.0,50.0,5.0,50.0,700.0,544.0,57.0,153.0,54.0,15.0,82.0,95.0,25.0,6.0,34.0,166.0,214.0,31.0,28.0,78.0,77.0,88.0,6.0,35.0,417.0,28.0,63.0,9.0,41.0,67.0,220.0,59.0,4.0,46.0,32.0,272.0,173.0,5.0,103.0,24.0,48.0,10.0,14.0,11.0,74.0,29.0,35.0,23.0,61.0
37.0,20.0,7.0,2.0,17.0,407.0,168.0,9.0,111.0,170.0,14.0,11.0,126.0,108.0,36.0,6.0,62.0,618.0,601.0,42.0,146.0,44.0,18.0,100.0,93.0,40.0,7.0,41.0,139.0,243.0,20.0,25.0,72.0,81.0,63.0,8.0,33.0,379.0,47.0,68.0,17.0,57.0,42.0,226.0,43.0,2.0,51.0,36.0,246.0,145.0,13.0,80.0,35.0,48.0,8.0,10.0,11.0,118.0,90.0,30.0,29.0,48.0
32.0,25.0,13.0,4.0,16.0,363.0,178.0,9.0,129.0,149.0,20.0,14.0,145.0,152.0,81.0,11.0,51.0,633.0,498.0,53.0,154.0,71.0,23.0,102.0,111.0,48.0,5.0,39.0,166.0,297.0,39.0,26.0,76.0,77.0,48.0,6.0,37.0,292.0,36.0,124.0,6.0,44.0,57.0,125.0,51.0,4.0,67.0,26.0,221.0,160.0,5.0,111.0,20.0,50.0,8.0,9.0,12.0,68.0,53.0,44.0,26.0,65.0
27.0,21.0,8.0,3.0,16.0,298.0,165.0,19.0,126.0,166.0,14.0,8.0,117.0,131.0,40.0,13.0,71.0,729.0,544.0,68.0,170.0,67.0,17.0,85.0,75.0,50.0,6.0,63.0,135.0,179.0,43.0,24.0,101.0,70.0,63.0,3.0,51.0,482.0,56.0,184.0,8.0,59.0,46.0,101.0,96.0,5.0,92.0,23.0,174.0,104.0,19.0,130.0,27.0,41.0,12.0,10.0,18.0,54.0,31.0,79.0,25.0,88.0
32.0,19.0,12.0,3.0,13.0,303.0,176.0,15.0,101.0,159.0,13.0,8.0,138.0,135.0,47.0,8.0,64.0,680.0,685.0,53.0,181.0,49.0,17.0,91.0,97.0,44.0,7.0,35.0,131.0,217.0,49.0,13.0,68.0,84.0,33.0,6.0,39.0,453.0,41.0,127.0,4.0,42.0,44.0,133.0,58.0,4.0,70.0,24.0,183.0,162.0,10.0,114.0,27.0,51.0,17.0,9.0,9.0,39.0,16.0,95.0,20.0,72.0
31.0,22.0,15.0,2.0,13.0,368.0,259.0,5.0,101.0,136.0,11.0,4.0,125.0,107.0,52.0,17.0,87.0,871.0,687.0,45.0,180.0,62.0,19.0,93.0,138.0,42.0,5.0,24.0,135.0,245.0,38.0,26.0,58.0,78.0,38.0,7.0,30.0,347.0,33.0,90.0,2.0,30.0,25.0,107.0,85.0,5.0,44.0,19.0,172.0,163.0,11.0,96.0,23.0,43.0,21.0,9.0,12.0,28.0,9.0,46.0,22.0,55.0
20.0,18.0,9.0,1.0,10.0,233.0,230.0,7.0,52.0,125.0,8.0,6.0,90.0,146.0,40.0,5.0,51.0,938.0,460.0,53.0,243.0,51.0,12.0,77.0,119.0,23.0,4.0,29.0,105.0,148.0,30.0,20.0,46.0,55.0,35.0,9.0,24.0,360.0,36.0,56.0,3.0,19.0,25.0,103.0,68.0,2.0,42.0,28.0,136.0,124.0,4.0,91.0,29.0,54.0,8.0,8.0,6.0,15.0,11.0,42.0,21.0,44.0
21.0,23.0,19.0,2.0,14.0,148.0,271.0,8.0,61.0,93.0,17.0,7.0,83.0,147.0,46.0,7.0,33.0,572.0,386.0,46.0,153.0,97.0,8.0,68.0,101.0,45.0,5.0,27.0,82.0,173.0,37.0,30.0,39.0,44.0,46.0,6.0,21.0,450.0,51.0,43.0,3.0,25.0,42.0,105.0,54.0,2.0,37.0,21.0,134.0,155.0,8.0,84.0,19.0,42.0,10.0,10.0,10.0,50.0,20.0,33.0,35.0,46.0
36.0,26.0,15.0,7.0,11.0,259.0,184.0,7.0,80.0,150.0,19.0,14.0,134.0,143.0,50.0,18.0,61.0,489.0,438.0,49.0,188.0,188.0,15.0,100.0,110.0,59.0,15.0,39.0,114.0,188.0,62.0,27.0,37.0,63.0,48.0,8.0,33.0,498.0,72.0,101.0,4.0,36.0,40.0,104.0,89.0,1.0,35.0,19.0,197.0,158.0,17.0,105.0,23.0,47.0,7.0,18.0,10.0,32.0,20.0,35.0,39.0,51.0
27.0,23.0,12.0,4.0,13.0,240.0,126.0,14.0,75.0,126.0,11.0,15.0,109.0,120.0,37.0,4.0,55.0,538.0,580.0,58.0,123.0,46.0,21.0,66.0,102.0,47.0,3.0,28.0,98.0,172.0,33.0,16.0,39.0,46.0,53.0,3.0,23.0,401.0,50.0,65.0,4.0,32.0,33.0,94.0,79.0,1.0,28.0,20.0,159.0,153.0,11.0,82.0,20.0,59.0,6.0,11.0,8.0,16.0,9.0,21.0,26.0,48.0
36.0,31.0,13.0,4.0,15.0,268.0,124.0,5.0,78.0,147.0,16.0,13.0,120.0,125.0,30.0,7.0,66.0,692.0,633.0,63.0,167.0,56.0,21.0,82.0,102.0,43.0,4.0,34.0,117.0,212.0,45.0,20.0,56.0,66.0,45.0,6.0,32.0,351.0,35.0,65.0,3.0,27.0,44.0,120.0,59.0,2.0,44.0,20.0,149.0,118.0,2.0,84.0,25.0,68.0,4.0,10.0,10.0,16.0,13.0,32.0,27.0,50.0
44.0,27.0,8.0,3.0,18.0,406.0,122.0,5.0,110.0,157.0,13.0,9.0,163.0,166.0,46.0,11.0,74.0,811.0,668.0,69.0,166.0,46.0,15.0,79.0,128.0,38.0,7.0,37.0,115.0,256.0,39.0,29.0,51.0,85.0,63.0,4.0,34.0,483.0,38.0,58.0,3.0,31.0,51.0,222.0,134.0,2.0,38.0,25.0,186.0,181.0,17.0,105.0,26.0,67.0,4.0,8.0,11.0,17.0,11.0,25.0,22.0,62.0
35.0,32.0,14.0,1.0,16.0,412.0,133.0,10.0,129.0,178.0,15.0,8.0,160.0,153.0,39.0,7.0,94.0,822.0,606.0,84.0,171.0,51.0,19.0,74.0,104.0,26.0,10.0,37.0,127.0,222.0,18.0,33.0,54.0,82.0,51.0,6.0,35.0,418.0,43.0,56.0,7.0,50.0,27.0,263.0,111.0,2.0,46.0,26.0,253.0,139.0,12.0,118.0,37.0,68.0,6.0,11.0,11.0,84.0,37.0,24.0,32.0,64.0
39.0,31.0,7.0,4.0,14.0,341.0,104.0,12.0,126.0,188.0,19.0,8.0,182.0,156.0,57.0,17.0,74.0,742.0,599.0,64.0,173.0,48.0,17.0,91.0,91.0,28.0,7.0,39.0,145.0,274.0,31.0,26.0,59.0,75.0,72.0,7.0,29.0,382.0,41.0,106.0,9.0,62.0,36.0,231.0,66.0,5.0,61.0,22.0,230.0,116.0,12.0,102.0,42.0,66.0,9.0,9.0,12.0,90.0,54.0,44.0,28.0,61.0
35.0,34.0,8.0,2.0,16.0,394.0,156.0,6.0,138.0,166.0,16.0,14.0,164.0,183.0,78.0,9.0,79.0,756.0,610.0,73.0,190.0,64.0,15.0,102.0,121.0,49.0,10.0,46.0,151.0,241.0,23.0,17.0,88.0,67.0,69.0,7.0,38.0,400.0,46.0,102.0,6.0,56.0,31.0,143.0,62.0,3.0,74.0,30.0,236.0,147.0,11.0,118.0,27.0,60.0,8.0,7.0,8.0,64.0,34.0,31.0,35.0,74.0
30.0,29.0,9.0,3.0,19.0,334.0,151.0,23.0,164.0,151.0,17.0,9.0,144.0,146.0,72.0,15.0,81.0,740.0,910.0,72.0,170.0,51.0,18.0,78.0,115.0,23.0,6.0,44.0,142.0,280.0,38.0,22.0,103.0,59.0,62.0,2.0,49.0,464.0,53.0,142.0,10.0,64.0,41.0,115.0,83.0,4.0,105.0,36.0,177.0,190.0,9.0,136.0,28.0,74.0,9.0,9.0,10.0,64.0,44.0,59.0,29.0,115.0
36.0,30.0,11.0,2.0,17.0,282.0,147.0,8.0,117.0,164.0,13.0,6.0,153.0,134.0,45.0,11.0,83.0,719.0,765.0,84.0,198.0,54.0,17.0,70.0,100.0,33.0,11.0,37.0,139.0,214.0,23.0,35.0,74.0,56.0,53.0,1.0,37.0,428.0,62.0,196.0,6.0,47.0,46.0,142.0,64.0,4.0,68.0,31.0,178.0,145.0,7.0,146.0,28.0,69.0,13.0,8.0,12.0,26.0,14.0,75.0,31.0,108.0
29.0,36.0,13.0,2.0,18.0,322.0,194.0,18.0,113.0,175.0,15.0,10.0,155.0,153.0,57.0,18.0,90.0,994.0,760.0,68.0,238.0,70.0,17.0,94.0,97.0,38.0,5.0,44.0,135.0,326.0,34.0,8.0,69.0,65.0,70.0,10.0,35.0,507.0,54.0,88.0,4.0,44.0,29.0,126.0,62.0,2.0,64.0,22.0,182.0,178.0,15.0,101.0,27.0,68.0,11.0,9.0,11.0,20.0,14.0,41.0,23.0,76.0
26.0,31.0,10.0,2.0,13.0,241.0,242.0,10.0,65.0,135.0,7.0,5.0,121.0,162.0,53.0,5.0,75.0,1005.0,457.0,62.0,260.0,52.0,14.0,104.0,130.0,38.0,5.0,29.0,134.0,210.0,27.0,33.0,58.0,71.0,43.0,3.0,41.0,380.0,46.0,47.0,4.0,22.0,25.0,111.0,48.0,5.0,46.0,14.0,155.0,150.0,1.0,91.0,32.0,74.0,9.0,8.0,9.0,13.0,6.0,51.0,23.0,47.0
20.0,21.0,21.0,3.0,10.0,217.0,303.0,13.0,99.0,109.0,16.0,6.0,118.0,145.0,51.0,6.0,68.0,597.0,401.0,86.0,183.0,88.0,17.0,61.0,96.0,32.0,6.0,31.0,119.0,217.0,50.0,44.0,58.0,39.0,46.0,6.0,26.0,504.0,53.0,43.0,4.0,27.0,42.0,111.0,58.0,4.0,38.0,24.0,119.0,147.0,14.0,82.0,22.0,71.0,6.0,10.0,10.0,42.0,15.0,60.0,34.0,54.0
35.0,16.0,31.0,4.0,12.0,318.0,264.0,5.0,95.0,166.0,17.0,9.0,145.0,166.0,64.0,6.0,82.0,603.0,514.0,118.0,171.0,186.0,15.0,94.0,112.0,43.0,8.0,44.0,152.0,273.0,31.0,23.0,77.0,76.0,69.0,7.0,35.0,476.0,69.0,79.0,8.0,40.0,42.0,119.0,87.0,3.0,44.0,20.0,189.0,202.0,12.0,100.0,30.0,81.0,9.0,14.0,12.0,31.0,18.0,44.0,29.0,61.0
21.0,11.0,27.0,2.0,9.0,291.0,149.0,7.0,84.0,141.0,11.0,9.0,134.0,162.0,48.0,10.0,58.0,552.0,614.0,67.0,129.0,43.0,12.0,65.0,124.0,24.0,6.0,38.0,84.0,225.0,16.0,12.0,52.0,45.0,90.0,3.0,24.0,364.0,56.0,73.0,7.0,29.0,30.0,108.0,103.0,2.0,31.0,18.0,199.0,173.0,14.0,112.0,23.0,98.0,6.0,7.0,8.0,18.0,13.0,25.0,20.0,57.0
22.0,14.0,24.0,3.0,13.0,310.0,186.0,20.0,100.0,152.0,14.0,10.0,160.0,140.0,64.0,6.0,76.0,751.0,502.0,56.0,164.0,65.0,16.0,72.0,105.0,28.0,9.0,41.0,130.0,190.0,44.0,14.0,63.0,51.0,71.0,4.0,21.0,407.0,49.0,59.0,2.0,32.0,35.0,156.0,113.0,2.0,30.0,18.0,180.0,213.0,6.0,104.0,33.0,94.0,10.0,8.0,10.0,26.0,12.0,24.0,28.0,65.0
29.0,15.0,25.0,2.0,14.0,465.0,124.0,19.0,128.0,156.0,14.0,11.0,143.0,175.0,30.0,16.0,89.0,749.0,600.0,55.0,181.0,54.0,20.0,82.0,121.0,38.0,6.0,38.0,145.0,325.0,46.0,21.0,78.0,85.0,105.0,7.0,39.0,504.0,77.0,53.0,3.0,32.0,47.0,229.0,119.0,2.0,40.0,15.0,209.0,200.0,8.0,114.0,40.0,108.0,8.0,7.0,8.0,25.0,12.0,30.0,24.0,64.0
20.0,15.0,16.0,4.0,19.0,399.0,127.0,14.0,123.0,169.0,16.0,7.0,139.0,159.0,25.0,11.0,81.0,842.0,526.0,79.0,190.0,69.0,19.0,90.0,100.0,23.0,12.0,41.0,144.0,257.0,31.0,19.0,70.0,69.0,65.0,6.0,42.0,430.0,45.0,61.0,5.0,48.0,40.0,280.0,87.0,3.0,54.0,14.0,268.0,158.0,18.0,115.0,43.0,80.0,13.0,13.0,16.0,98.0,31.0,25.0,25.0,72.0
27.0,19.0,8.0,3.0,14.0,415.0,175.0,12.0,120.0,188.0,16.0,9.0,175.0,153.0,73.0,6.0,77.0,764.0,544.0,62.0,180.0,55.0,17.0,92.0,102.0,31.0,10.0,41.0,173.0,202.0,30.0,24.0,75.0,68.0,76.0,5.0,27.0,372.0,78.0,105.0,8.0,73.0,57.0,222.0,53.0,5.0,64.0,30.0,299.0,168.0,22.0,117.0,43.0,89.0,9.0,9.0,13.0,116.0,66.0,48.0,27.0,84.0
29.0,21.0,17.0,2.0,18.0,359.0,141.0,17.0,138.0,174.0,15.0,8.0,160.0,214.0,67.0,11.0,87.0,763.0,842.0,88.0,206.0,63.0,21.0,92.0,138.0,27.0,13.0,51.0,145.0,246.0,41.0,10.0,68.0,68.0,121.0,7.0,33.0,377.0,46.0,117.0,8.0,72.0,45.0,126.0,62.0,4.0,75.0,39.0,264.0,201.0,8.0,138.0,35.0,94.0,10.0,9.0,13.0,71.0,35.0,42.0,35.0,78.0
30.0,13.0,20.0,2.0,20.0,321.0,179.0,21.0,143.0,176.0,15.0,6.0,123.0,154.0,42.0,13.0,89.0,772.0,753.0,97.0,187.0,57.0,17.0,80.0,119.0,24.0,14.0,50.0,123.0,239.0,52.0,25.0,84.0,58.0,89.0,3.0,29.0,363.0,72.0,174.0,12.0,72.0,40.0,112.0,52.0,3.0,128.0,17.0,189.0,189.0,2.0,152.0,36.0,90.0,9.0,11.0,16.0,74.0,28.0,92.0,28.0,113.0
23.0,18.0,15.0,3.0,17.0,325.0,188.0,8.0,132.0,176.0,11.0,5.0,132.0,161.0,26.0,16.0,96.0,725.0,875.0,82.0,216.0,73.0,18.0,79.0,112.0,25.0,9.0,43.0,113.0,262.0,36.0,11.0,64.0,71.0,41.0,5.0,36.0,490.0,58.0,138.0,4.0,49.0,41.0,139.0,55.0,3.0,76.0,21.0,220.0,176.0,5.0,120.0,31.0,70.0,15.0,9.0,13.0,42.0,22.0,102.0,27.0,67.0
29.0,17.0,19.0,3.0,16.0,332.0,199.0,10.0,100.0,148.0,14.0,6.0,136.0,184.0,49.0,9.0,79.0,964.0,834.0,46.0,227.0,56.0,17.0,102.0,126.0,29.0,10.0,46.0,155.0,285.0,27.0,26.0,69.0,78.0,71.0,5.0,45.0,418.0,57.0,108.0,3.0,30.0,45.0,134.0,72.0,5.0,53.0,26.0,199.0,194.0,16.0,101.0,33.0,86.0,16.0,8.0,13.0,28.0,12.0,67.0,23.0,77.0
18.0,17.0,13.0,4.0,13.0,265.0,198.0,10.0,92.0,127.0,11.0,6.0,102.0,131.0,44.0,11.0,55.0,1001.0,510.0,66.0,269.0,61.0,9.0,73.0,71.0,32.0,5.0,32.0,120.0,270.0,26.0,38.0,47.0,61.0,48.0,9.0,22.0,446.0,65.0,76.0,4.0,34.0,32.0,111.0,71.0,3.0,36.0,13.0,149.0,123.0,4.0,94.0,40.0,93.0,13.0,7.0,9.0,23.0,10.0,49.0,17.0,56.0
21.0,18.0,26.0,3.0,11.0,182.0,204.0,9.0,104.0,107.0,17.0,10.0,96.0,143.0,38.0,12.0,59.0,595.0,501.0,52.0,210.0,85.0,12.0,55.0,100.0,20.0,7.0,32.0,106.0,310.0,37.0,19.0,75.0,52.0,79.0,2.0,39.0,563.0,80.0,53.0,3.0,37.0,39.0,114.0,49.0,2.0,40.0,26.0,148.0,194.0,8.0,103.0,28.0,90.0,12.0,9.0,10.0,62.0,19.0,49.0,29.0,61.0
28.0,12.0,25.0,5.0,20.0,267.0,228.0,11.0,80.0,183.0,18.0,8.0,143.0,199.0,52.0,13.0,82.0,594.0,610.0,93.0,143.0,200.0,20.0,103.0,109.0,39.0,19.0,46.0,175.0,316.0,41.0,38.0,77.0,75.0,68.0,11.0,29.0,586.0,100.0,71.0,6.0,62.0,63.0,112.0,87.0,2.0,48.0,32.0,180.0,233.0,6.0,112.0,30.0,94.0,12.0,18.0,14.0,49.0,17.0,35.0,26.0,62.0
16.0,8.0,28.0,3.0,10.0,298.0,186.0,13.0,77.0,156.0,11.0,13.0,120.0,204.0,44.0,6.0,68.0,653.0,643.0,85.0,135.0,48.0,13.0,73.0,89.0,25.0,12.0,29.0,128.0,208.0,34.0,15.0,81.0,54.0,100.0,3.0,36.0,401.0,47.0,86.0,2.0,27.0,28.0,102.0,84.0,2.0,44.0,26.0,166.0,235.0,7.0,87.0,31.0,105.0,8.0,7.0,10.0,27.0,10.0,23.0,20.0,58.0
24.0,9.0,28.0,6.0,13.0,345.0,143.0,16.0,127.0,146.0,21.0,9.0,160.0,188.0,47.0,12.0,90.0,722.0,661.0,52.0,152.0,52.0,16.0,67.0,84.0,22.0,6.0,33.0,130.0,246.0,48.0,15.0,48.0,77.0,66.0,8.0,46.0,447.0,53.0,63.0,2.0,25.0,24.0,168.0,140.0,2.0,39.0,28.0,197.0,262.0,16.0,107.0,35.0,100.0,9.0,6.0,11.0,27.0,11.0,22.0,24.0,71.0
22.0,13.0,16.0,5.0,13.0,489.0,184.0,13.0,120.0,163.0,16.0,12.0,171.0,248.0,46.0,14.0,96.0,715.0,660.0,64.0,177.0,43.0,17.0,90.0,93.0,33.0,15.0,45.0,132.0,305.0,35.0,22.0,66.0,92.0,102.0,9.0,40.0,466.0,59.0,74.0,3.0,33.0,42.0,203.0,160.0,2.0,47.0,37.0,203.0,301.0,4.0,109.0,32.0,107.0,8.0,8.0,12.0,31.0,13.0,30.0,20.0,70.0
20.0,10.0,12.0,4.0,12.0,412.0,182.0,13.0,126.0,177.0,13.0,10.0,139.0,162.0,59.0,8.0,60.0,771.0,692.0,71.0,173.0,67.0,14.0,75.0,107.0,28.0,10.0,35.0,140.0,251.0,29.0,17.0,72.0,72.0,59.0,1.0,44.0,416.0,54.0,82.0,6.0,53.0,25.0,258.0,110.0,2.0,65.0,30.0,233.0,166.0,3.0,101.0,47.0,96.0,9.0,9.0,12.0,112.0,32.0,31.0,21.0,87.0
26.0,12.0,12.0,3.0,14.0,340.0,124.0,10.0,122.0,194.0,16.0,8.0,155.0,174.0,40.0,10.0,94.0,733.0,687.0,49.0,186.0,80.0,12.0,95.0,82.0,28.0,9.0,38.0,155.0,229.0,24.0,18.0,79.0,83.0,84.0,3.0,39.0,403.0,47.0,111.0,14.0,81.0,30.0,283.0,85.0,2.0,69.0,24.0,299.0,187.0,14.0,139.0,44.0,86.0,8.0,7.0,14.0,105.0,96.0,35.0,36.0,92.0
25.0,12.0,7.0,7.0,13.0,401.0,152.0,21.0,161.0,183.0,17.0,9.0,142.0,178.0,35.0,17.0,87.0,761.0,725.0,57.0,201.0,76.0,14.0,88.0,93.0,29.0,15.0,43.0,131.0,264.0,22.0,15.0,69.0,74.0,90.0,2.0,40.0,429.0,54.0,108.0,10.0,70.0,37.0,170.0,98.0,2.0,86.0,27.0,204.0,208.0,0.0,123.0,32.0,96.0,9.0,7.0,13.0,54.0,24.0,40.0,30.0,99.0
28.0,11.0,13.0,4.0,17.0,336.0,171.0,16.0,192.0,151.0,11.0,6.0,154.0,152.0,47.0,15.0,116.0,755.0,738.0,65.0,204.0,78.0,21.0,76.0,86.0,22.0,9.0,48.0,138.0,272.0,47.0,29.0,87.0,55.0,90.0,4.0,39.0,419.0,60.0,173.0,7.0,90.0,33.0,135.0,89.0,5.0,121.0,30.0,173.0,216.0,2.0,133.0,34.0,99.0,11.0,7.0,16.0,85.0,28.0,110.0,30.0,121.0
29.0,16.0,7.0,6.0,16.0,307.0,153.0,18.0,123.0,164.0,18.0,7.0,134.0,161.0,31.0,16.0,75.0,744.0,877.0,51.0,229.0,45.0,22.0,78.0,104.0,15.0,12.0,51.0,108.0,267.0,30.0,18.0,63.0,58.0,77.0,5.0,27.0,352.0,53.0,159.0,6.0,54.0,31.0,114.0,60.0,2.0,107.0,19.0,190.0,186.0,5.0,108.0,33.0,107.0,12.0,9.0,13.0,36.0,16.0,113.0,25.0,100.0
30.0,13.0,11.0,6.0,14.0,355.0,196.0,17.0,135.0,156.0,14.0,8.0,134.0,187.0,34.0,17.0,78.0,956.0,843.0,64.0,260.0,57.0,19.0,93.0,92.0,19.0,13.0,42.0,166.0,267.0,47.0,12.0,72.0,68.0,75.0,3.0,29.0,365.0,58.0,89.0,3.0,29.0,32.0,140.0,102.0,2.0,73.0,29.0,170.0,201.0,11.0,111.0,34.0,78.0,16.0,10.0,13.0,20.0,12.0,66.0,23.0,81.0
29.0,22.0,7.0,7.0,10.0,263.0,175.0,19.0,120.0,136.0,10.0,7.0,100.0,185.0,29.0,6.0,66.0,847.0,582.0,42.0,336.0,59.0,22.0,80.0,78.0,27.0,9.0,30.0,102.0,255.0,28.0,21.0,49.0,48.0,63.0,1.0,20.0,441.0,36.0,52.0,2.0,26.0,30.0,111.0,89.0,2.0,55.0,31.0,171.0,190.0,7.0,85.0,31.0,90.0,12.0,6.0,13.0,22.0,8.0,60.0,21.0,58.0
16.0,23.0,7.0,5.0,9.0,246.0,344.0,24.0,109.0,115.0,17.0,14.0,89.0,186.0,29.0,12.0,66.0,530.0,553.0,52.0,228.0,91.0,17.0,61.0,74.0,19.0,12.0,42.0,95.0,286.0,32.0,20.0,45.0,48.0,96.0,7.0,16.0,473.0,51.0,42.0,4.0,25.0,42.0,113.0,66.0,2.0,56.0,29.0,126.0,243.0,14.0,93.0,28.0,147.0,6.0,8.0,8.0,38.0,14.0,45.0,29.0,65.0
33.0,27.0,18.0,6.0,12.0,363.0,237.0,35.0,139.0,192.0,16.0,11.0,155.0,183.0,48.0,14.0,98.0,555.0,521.0,59.0,178.0,281.0,12.0,105.0,92.0,41.0,14.0,42.0,185.0,282.0,36.0,32.0,83.0,76.0,139.0,3.0,41.0,441.0,89.0,72.0,6.0,45.0,66.0,106.0,82.0,5.0,55.0,19.0,247.0,249.0,14.0,122.0,33.0,78.0,11.0,17.0,18.0,38.0,18.0,31.0,29.0,78.0
29.0,23.0,15.0,3.0,11.0,318.0,118.0,22.0,124.0,138.0,14.0,9.0,121.0,175.0,50.0,11.0,58.0,591.0,572.0,49.0,140.0,30.0,12.0,69.0,61.0,19.0,10.0,50.0,100.0,261.0,39.0,19.0,47.0,56.0,56.0,5.0,31.0,356.0,61.0,69.0,1.0,27.0,28.0,110.0,99.0,3.0,46.0,26.0,181.0,259.0,9.0,98.0,27.0,83.0,8.0,6.0,13.0,30.0,14.0,20.0,21.0,65.0
26.0,17.0,9.0,2.0,11.0,376.0,171.0,12.0,149.0,169.0,11.0,13.0,139.0,202.0,55.0,14.0,69.0,728.0,639.0,43.0,161.0,48.0,17.0,67.0,77.0,27.0,10.0,33.0,143.0,272.0,33.0,29.0,67.0,76.0,69.0,6.0,33.0,335.0,56.0,67.0,4.0,35.0,41.0,135.0,120.0,2.0,57.0,27.0,181.0,325.0,7.0,100.0,30.0,89.0,9.0,8.0,14.0,15.0,12.0,20.0,22.0,81.0
33.0,31.0,8.0,2.0,9.0,539.0,181.0,10.0,163.0,168.0,14.0,9.0,139.0,217.0,35.0,14.0,82.0,671.0,618.0,64.0,168.0,48.0,13.0,66.0,112.0,30.0,11.0,35.0,130.0,384.0,23.0,27.0,80.0,92.0,120.0,8.0,43.0,388.0,46.0,70.0,2.0,41.0,33.0,268.0,126.0,2.0,62.0,29.0,257.0,394.0,13.0,119.0,23.0,91.0,10.0,8.0,15.0,22.0,17.0,32.0,23.0,62.0
38.0,25.0,12.0,3.0,15.0,501.0,197.0,13.0,148.0,209.0,10.0,11.0,133.0,198.0,43.0,5.0,69.0,797.0,656.0,80.0,192.0,54.0,13.0,82.0,102.0,37.0,11.0,29.0,163.0,254.0,21.0,34.0,82.0,88.0,84.0,3.0,51.0,452.0,47.0,84.0,7.0,44.0,29.0,277.0,83.0,4.0,57.0,27.0,281.0,252.0,3.0,123.0,41.0,113.0,6.0,6.0,12.0,72.0,32.0,44.0,25.0,87.0
34.0,28.0,8.0,2.0,14.0,453.0,169.0,14.0,140.0,239.0,15.0,10.0,165.0,230.0,40.0,13.0,86.0,772.0,659.0,56.0,196.0,72.0,13.0,90.0,106.0,42.0,6.0,36.0,162.0,289.0,38.0,28.0,68.0,88.0,68.0,4.0,47.0,498.0,50.0,80.0,13.0,94.0,33.0,305.0,103.0,2.0,75.0,14.0,290.0,222.0,13.0,146.0,36.0,103.0,7.0,8.0,17.0,90.0,73.0,48.0,26.0,80.0
35.0,31.0,8.0,2.0,20.0,423.0,199.0,9.0,186.0,206.0,14.0,8.0,157.0,237.0,42.0,11.0,96.0,677.0,727.0,58.0,193.0,49.0,12.0,93.0,115.0,26.0,7.0,57.0,152.0,272.0,28.0,15.0,86.0,76.0,94.0,3.0,38.0,441.0,54.0,120.0,10.0,55.0,49.0,202.0,100.0,1.0,78.0,19.0,282.0,334.0,15.0,171.0,31.0,105.0,10.0,7.0,13.0,87.0,34.0,45.0,27.0,80.0
31.0,30.0,9.0,3.0,16.0,388.0,189.0,11.0,200.0,231.0,11.0,9.0,142.0,192.0,44.0,8.0,115.0,716.0,883.0,41.0,197.0,70.0,14.0,89.0,129.0,29.0,7.0,57.0,135.0,243.0,43.0,39.0,94.0,76.0,67.0,5.0,46.0,376.0,66.0,169.0,8.0,83.0,53.0,135.0,93.0,7.0,111.0,27.0,240.0,247.0,23.0,179.0,31.0,82.0,11.0,8.0,19.0,79.0,33.0,134.0,30.0,106.0
29.0,28.0,5.0,1.0,19.0,385.0,201.0,7.0,188.0,194.0,13.0,9.0,132.0,193.0,32.0,4.0,92.0,658.0,898.0,58.0,243.0,57.0,13.0,95.0,112.0,42.0,5.0,53.0,116.0,358.0,16.0,18.0,79.0,64.0,80.0,6.0,31.0,436.0,33.0,167.0,2.0,50.0,42.0,140.0,84.0,4.0,69.0,22.0,187.0,287.0,6.0,139.0,32.0,87.0,11.0,10.0,15.0,26.0,21.0,123.0,27.0,96.0
33.0,30.0,11.0,1.0,21.0,396.0,201.0,20.0,190.0,187.0,11.0,7.0,158.0,142.0,34.0,5.0,110.0,870.0,922.0,41.0,247.0,45.0,13.0,106.0,96.0,38.0,3.0,44.0,171.0,304.0,52.0,17.0,82.0,86.0,131.0,1.0,46.0,387.0,80.0,93.0,6.0,35.0,43.0,156.0,81.0,3.0,59.0,19.0,228.0,285.0,4.0,112.0,41.0,80.0,13.0,10.0,16.0,27.0,12.0,62.0,19.0,65.0
30.0,28.0,11.0,1.0,12.0,275.0,202.0,11.0,105.0,165.0,10.0,6.0,102.0,163.0,32.0,4.0,69.0,908.0,878.0,43.0,341.0,60.0,13.0,85.0,86.0,24.0,5.0,40.0,108.0,266.0,26.0,12.0,73.0,51.0,79.0,1.0,23.0,332.0,61.0,79.0,3.0,37.0,41.0,118.0,71.0,5.0,51.0,15.0,159.0,232.0,9.0,72.0,32.0,75.0,13.0,6.0,16.0,17.0,9.0,49.0,25.0,63.0
20.0,20.0,14.0,1.0,13.0,180.0,177.0,17.0,118.0,142.0,15.0,12.0,112.0,209.0,34.0,12.0,79.0,531.0,842.0,30.0,263.0,139.0,10.0,74.0,116.0,43.0,7.0,43.0,94.0,279.0,26.0,12.0,67.0,43.0,84.0,3.0,28.0,451.0,36.0,61.0,4.0,35.0,47.0,95.0,59.0,3.0,58.0,27.0,155.0,191.0,10.0,89.0,23.0,91.0,9.0,10.0,11.0,61.0,17.0,53.0,25.0,60.0
38.0,27.0,11.0,2.0,20.0,316.0,223.0,8.0,145.0,240.0,21.0,11.0,161.0,220.0,52.0,18.0,97.0,607.0,767.0,74.0,193.0,269.0,11.0,107.0,129.0,59.0,8.0,51.0,178.0,342.0,62.0,33.0,76.0,71.0,83.0,2.0,41.0,466.0,81.0,102.0,5.0,49.0,58.0,119.0,92.0,2.0,55.0,19.0,213.0,221.0,7.0,107.0,29.0,114.0,12.0,12.0,14.0,43.0,17.0,30.0,31.0,68.0
29.0,26.0,9.0,1.0,18.0,354.0,131.0,4.0,117.0,188.0,11.0,5.0,116.0,190.0,44.0,6.0,66.0,553.0,734.0,45.0,160.0,43.0,11.0,82.0,127.0,29.0,8.0,42.0,123.0,315.0,27.0,23.0,65.0,54.0,63.0,2.0,36.0,387.0,45.0,75.0,5.0,32.0,50.0,120.0,129.0,3.0,48.0,15.0,148.0,229.0,11.0,78.0,26.0,73.0,8.0,9.0,12.0,23.0,11.0,25.0,20.0,57.0
35.0,26.0,9.0,2.0,17.0,357.0,159.0,20.0,143.0,207.0,15.0,8.0,140.0,184.0,28.0,16.0,85.0,725.0,842.0,62.0,180.0,49.0,11.0,86.0,126.0,32.0,5.0,40.0,110.0,307.0,25.0,15.0,65.0,69.0,93.0,6.0,35.0,389.0,68.0,60.0,3.0,34.0,32.0,203.0,119.0,5.0,56.0,15.0,188.0,249.0,11.0,151.0,31.0,116.0,7.0,9.0,12.0,20.0,12.0,26.0,27.0,74.0
44.0,36.0,9.0,2.0,23.0,488.0,135.0,11.0,179.0,210.0,15.0,7.0,131.0,198.0,42.0,15.0,94.0,765.0,999.0,50.0,203.0,53.0,15.0,88.0,183.0,37.0,6.0,44.0,123.0,267.0,45.0,31.0,47.0,81.0,96.0,2.0,55.0,359.0,50.0,73.0,6.0,46.0,38.0,274.0,151.0,3.0,57.0,16.0,248.0,242.0,14.0,124.0,38.0,90.0,4.0,11.0,15.0,25.0,14.0,21.0,24.0,73.0
41.0,27.0,8.0,2.0,23.0,515.0,153.0,17.0,161.0,238.0,13.0,8.0,134.0,216.0,23.0,7.0,83.0,795.0,927.0,54.0,241.0,64.0,13.0,104.0,124.0,30.0,11.0,52.0,147.0,255.0,29.0,9.0,72.0,88.0,89.0,1.0,48.0,441.0,71.0,81.0,6.0,56.0,31.0,320.0,147.0,4.0,66.0,15.0,317.0,251.0,3.0,126.0,30.0,96.0,5.0,10.0,16.0,71.0,29.0,25.0,24.0,88.0
47.0,28.0,11.0,2.0,20.0,440.0,142.0,14.0,184.0,250.0,14.0,8.0,152.0,221.0,36.0,16.0,79.0,788.0,985.0,34.0,230.0,68.0,18.0,98.0,127.0,43.0,9.0,50.0,177.0,249.0,34.0,31.0,83.0,87.0,99.0,4.0,46.0,415.0,56.0,98.0,8.0,62.0,41.0,322.0,148.0,3.0,84.0,24.0,260.0,204.0,18.0,103.0,40.0,119.0,4.0,10.0,14.0,87.0,76.0,37.0,31.0,95.0
39.0,29.0,12.0,1.0,24.0,441.0,140.0,10.0,239.0,241.0,17.0,7.0,164.0,259.0,36.0,21.0,86.0,765.0,1019.0,41.0,210.0,60.0,17.0,93.0,160.0,28.0,5.0,53.0,141.0,342.0,22.0,21.0,86.0,82.0,100.0,1.0,59.0,371.0,76.0,133.0,8.0,62.0,38.0,197.0,88.0,2.0,102.0,22.0,222.0,223.0,5.0,151.0,37.0,124.0,11.0,10.0,15.0,101.0,40.0,48.0,33.0,83.0
48.0,32.0,13.0,2.0,23.0,381.0,155.0,9.0,228.0,216.0,8.0,8.0,170.0,220.0,39.0,6.0,131.0,829.0,902.0,44.0,257.0,77.0,14.0,88.0,152.0,33.0,7.0,59.0,134.0,327.0,37.0,20.0,112.0,76.0,87.0,6.0,62.0,390.0,52.0,165.0,8.0,60.0,49.0,147.0,105.0,6.0,153.0,26.0,229.0,230.0,17.0,170.0,36.0,124.0,7.0,11.0,18.0,73.0,29.0,123.0,26.0,104.0
40.0,32.0,11.0,1.0,25.0,369.0,171.0,11.0,178.0,194.0,9.0,8.0,143.0,236.0,42.0,6.0,93.0,764.0,1096.0,38.0,240.0,69.0,7.0,88.0,123.0,36.0,4.0,46.0,144.0,282.0,36.0,22.0,74.0,72.0,89.0,2.0,50.0,387.0,65.0,144.0,8.0,60.0,50.0,131.0,74.0,5.0,119.0,29.0,206.0,241.0,5.0,157.0,40.0,87.0,6.0,11.0,18.0,52.0,16.0,94.0,27.0,94.0
35.0,35.0,10.0,3.0,20.0,359.0,160.0,16.0,187.0,229.0,11.0,4.0,185.0,208.0,61.0,14.0,101.0,953.0,1160.0,27.0,360.0,76.0,11.0,101.0,147.0,21.0,3.0,42.0,143.0,321.0,29.0,21.0,60.0,74.0,121.0,1.0,48.0,400.0,79.0,96.0,3.0,48.0,33.0,159.0,87.0,2.0,76.0,24.0,216.0,311.0,10.0,132.0,36.0,93.0,10.0,9.0,18.0,30.0,14.0,64.0,18.0,71.0
25.0,30.0,11.0,1.0,16.0,299.0,227.0,15.0,147.0,173.0,12.0,8.0,145.0,203.0,50.0,13.0,77.0,908.0,997.0,35.0,402.0,79.0,10.0,95.0,127.0,24.0,7.0,50.0,112.0,308.0,32.0,21.0,49.0,62.0,84.0,5.0,39.0,433.0,34.0,68.0,3.0,37.0,28.0,115.0,77.0,5.0,53.0,34.0,198.0,251.0,4.0,122.0,50.0,112.0,6.0,9.0,17.0,27.0,10.0,38.0,19.0,65.0
27.0,23.0,12.0,2.0,17.0,211.0,207.0,21.0,150.0,128.0,14.0,6.0,113.0,159.0,50.0,7.0,76.0,601.0,818.0,36.0,225.0,115.0,9.0,61.0,123.0,40.0,6.0,38.0,105.0,288.0,38.0,11.0,69.0,48.0,63.0,4.0,32.0,561.0,65.0,62.0,6.0,37.0,38.0,100.0,95.0,2.0,51.0,19.0,151.0,272.0,9.0,87.0,29.0,102.0,9.0,16.0,17.0,50.0,15.0,36.0,29.0,60.0
38.0,32.0,18.0,1.0,16.0,391.0,239.0,22.0,181.0,210.0,14.0,10.0,155.0,294.0,53.0,14.0,83.0,579.0,674.0,58.0,237.0,230.0,12.0,100.0,145.0,51.0,11.0,60.0,129.0,315.0,40.0,25.0,63.0,84.0,124.0,2.0,46.0,416.0,66.0,114.0,6.0,48.0,44.0,119.0,105.0,4.0,58.0,21.0,235.0,179.0,13.0,136.0,31.0,134.0,13.0,14.0,15.0,36.0,19.0,49.0,23.0,75.0
27.0,28.0,17.0,2.0,19.0,307.0,138.0,11.0,164.0,166.0,10.0,5.0,123.0,206.0,44.0,8.0,72.0,561.0,683.0,36.0,168.0,57.0,16.0,80.0,136.0,29.0,5.0,39.0,125.0,257.0,24.0,28.0,61.0,51.0,79.0,2.0,20.0,361.0,66.0,72.0,4.0,36.0,44.0,117.0,118.0,1.0,52.0,17.0,150.0,225.0,9.0,80.0,29.0,127.0,4.0,11.0,13.0,28.0,11.0,31.0,21.0,58.0
33.0,29.0,14.0,1.0,20.0,367.0,148.0,19.0,127.0,180.0,10.0,10.0,130.0,213.0,33.0,7.0,97.0,692.0,686.0,24.0,177.0,61.0,16.0,92.0,146.0,33.0,10.0,41.0,119.0,222.0,23.0,28.0,59.0,57.0,120.0,5.0,35.0,358.0,58.0,57.0,3.0,34.0,44.0,173.0,124.0,3.0,62.0,15.0,182.0,266.0,7.0,122.0,37.0,131.0,5.0,11.0,20.0,17.0,12.0,26.0,24.0,63.0
30.0,30.0,11.0,1.0,19.0,581.0,211.0,20.0,149.0,200.0,11.0,10.0,158.0,273.0,37.0,6.0,106.0,737.0,721.0,22.0,208.0,54.0,13.0,91.0,120.0,38.0,12.0,54.0,149.0,285.0,33.0,26.0,90.0,93.0,118.0,5.0,56.0,498.0,49.0,76.0,4.0,36.0,39.0,250.0,167.0,2.0,62.0,26.0,254.0,260.0,15.0,142.0,40.0,168.0,3.0,9.0,13.0,27.0,13.0,28.0,22.0,78.0
25.0,25.0,9.0,1.0,16.0,486.0,193.0,10.0,160.0,213.0,13.0,6.0,164.0,214.0,44.0,5.0,97.0,828.0,710.0,39.0,242.0,54.0,13.0,113.0,124.0,35.0,5.0,54.0,154.0,245.0,19.0,23.0,89.0,103.0,108.0,2.0,48.0,462.0,38.0,79.0,8.0,50.0,38.0,284.0,157.0,3.0,61.0,26.0,285.0,269.0,5.0,153.0,40.0,110.0,5.0,10.0,15.0,87.0,35.0,18.0,21.0,87.0
23.0,28.0,6.0,3.0,12.0,506.0,180.0,10.0,191.0,215.0,13.0,7.0,163.0,207.0,57.0,5.0,92.0,844.0,834.0,39.0,234.0,61.0,10.0,103.0,126.0,34.0,8.0,43.0,151.0,245.0,30.0,17.0,85.0,115.0,118.0,3.0,57.0,359.0,61.0,97.0,10.0,83.0,30.0,234.0,102.0,2.0,82.0,26.0,296.0,226.0,20.0,138.0,39.0,114.0,6.0,11.0,14.0,99.0,69.0,28.0,25.0,67.0
23.0,39.0,10.0,1.0,16.0,433.0,163.0,16.0,212.0,203.0,13.0,7.0,195.0,197.0,66.0,15.0,93.0,811.0,914.0,51.0,258.0,71.0,18.0,103.0,167.0,60.0,7.0,45.0,177.0,261.0,26.0,19.0,100.0,96.0,124.0,5.0,50.0,377.0,65.0,128.0,8.0,83.0,34.0,160.0,103.0,2.0,100.0,20.0,248.0,257.0,12.0,192.0,34.0,120.0,7.0,13.0,18.0,88.0,40.0,41.0,35.0,93.0
23.0,34.0,9.0,3.0,16.0,410.0,212.0,17.0,220.0,200.0,11.0,6.0,143.0,165.0,55.0,5.0,107.0,817.0,905.0,41.0,270.0,87.0,17.0,92.0,134.0,35.0,6.0,61.0,159.0,285.0,45.0,27.0,119.0,87.0,101.0,2.0,63.0,388.0,57.0,157.0,6.0,87.0,31.0,133.0,121.0,3.0,155.0,17.0,228.0,250.0,9.0,149.0,70.0,114.0,12.0,13.0,23.0,56.0,27.0,123.0,31.0,113.0
22.0,31.0,10.0,1.0,13.0,434.0,222.0,22.0,204.0,197.0,12.0,8.0,163.0,188.0,69.0,7.0,81.0,777.0,885.0,45.0,273.0,74.0,17.0,94.0,183.0,34.0,5.0,41.0,138.0,284.0,22.0,15.0,89.0,76.0,78.0,6.0,41.0,440.0,56.0,153.0,4.0,55.0,31.0,132.0,122.0,3.0,108.0,25.0,190.0,268.0,15.0,127.0,42.0,111.0,11.0,12.0,20.0,34.0,17.0,107.0,27.0,93.0
28.0,22.0,12.0,1.0,13.0,498.0,285.0,17.0,203.0,169.0,14.0,5.0,159.0,258.0,66.0,10.0,68.0,852.0,1046.0,35.0,344.0,77.0,16.0,112.0,150.0,33.0,8.0,42.0,153.0,351.0,18.0,16.0,88.0,83.0,102.0,6.0,43.0,380.0,66.0,106.0,6.0,53.0,29.0,141.0,127.0,5.0,86.0,39.0,216.0,293.0,14.0,173.0,45.0,120.0,29.0,10.0,21.0,25.0,16.0,64.0,24.0,75.0
17.0,19.0,14.0,1.0,11.0,315.0,279.0,20.0,133.0,183.0,10.0,7.0,128.0,163.0,45.0,9.0,72.0,932.0,694.0,47.0,398.0,69.0,19.0,86.0,132.0,28.0,3.0,37.0,131.0,251.0,17.0,18.0,89.0,73.0,87.0,1.0,47.0,428.0,48.0,70.0,2.0,39.0,29.0,130.0,95.0,5.0,65.0,25.0,160.0,206.0,18.0,101.0,62.0,113.0,14.0,10.0,16.0,17.0,9.0,43.0,21.0,67.0
15.0,12.0,21.0,1.0,9.0,258.0,321.0,18.0,138.0,136.0,21.0,9.0,96.0,163.0,40.0,9.0,62.0,596.0,637.0,29.0,292.0,127.0,10.0,69.0,133.0,55.0,6.0,36.0,96.0,222.0,24.0,16.0,71.0,56.0,86.0,6.0,39.0,582.0,71.0,51.0,3.0,46.0,36.0,126.0,110.0,3.0,51.0,39.0,168.0,258.0,4.0,115.0,33.0,88.0,12.0,16.0,22.0,40.0,23.0,25.0,36.0,61.0
16.0,14.0,14.0,3.0,17.0,392.0,227.0,17.0,150.0,201.0,22.0,11.0,148.0,192.0,45.0,7.0,98.0,660.0,611.0,50.0,252.0,242.0,17.0,87.0,131.0,39.0,9.0,42.0,163.0,345.0,46.0,33.0,80.0,77.0,111.0,12.0,54.0,458.0,73.0,118.0,7.0,49.0,58.0,126.0,161.0,3.0,59.0,40.0,241.0,273.0,7.0,91.0,50.0,152.0,15.0,14.0,16.0,38.0,21.0,23.0,31.0,70.0
21.0,24.0,8.0,2.0,10.0,315.0,154.0,7.0,116.0,194.0,12.0,8.0,135.0,176.0,51.0,4.0,83.0,684.0,620.0,38.0,184.0,77.0,16.0,87.0,135.0,26.0,4.0,44.0,148.0,314.0,38.0,14.0,69.0,69.0,99.0,1.0,31.0,367.0,69.0,78.0,2.0,39.0,45.0,115.0,150.0,2.0,54.0,17.0,172.0,194.0,2.0,86.0,41.0,111.0,7.0,14.0,19.0,16.0,9.0,22.0,25.0,67.0
19.0,12.0,37.0,1.0,7.0,384.0,607.0,23.0,107.0,165.0,13.0,11.0,140.0,146.0,229.0,4.0,95.0,705.0,496.0,28.0,198.0,414.0,26.0,61.0,117.0,188.0,8.0,35.0,144.0,247.0,82.0,21.0,67.0,68.0,86.0,7.0,28.0,1232.0,70.0,57.0,2.0,31.0,36.0,117.0,138.0,1.0,34.0,13.0,118.0,162.0,10.0,54.0,57.0,132.0,10.0,10.0,19.0,102.0,24.0,74.0,26.0,81.0
19.2,12.7,34.7,1.0,7.3,387.5,575.8,21.8,111.7,174.0,12.9,10.8,143.7,154.8,215.4,4.5,96.3,733.2,537.6,28.2,205.3,390.5,25.3,65.1,119.4,177.9,8.1,35.9,144.1,245.4,79.1,21.3,67.9,69.4,87.7,7.3,29.5,1168.5,72.7,61.4,2.4,33.7,36.9,127.0,142.1,1.0,36.8,13.7,131.1,176.9,9.9,58.6,56.1,132.7,9.9,10.1,19.1,97.9,25.1,70.4,26.6,83.1
19.4,13.3,32.5,1.0,7.5,391.1,544.6,20.6,116.5,183.0,12.9,10.6,147.3,163.6,201.8,4.9,97.5,761.4,579.2,28.4,212.5,366.9,24.7,69.1,121.8,167.9,8.1,36.7,144.3,243.8,76.1,21.5,68.9,70.8,89.5,7.5,31.1,1105.1,75.5,65.8,2.8,36.3,37.9,137.0,146.1,1.0,39.6,14.3,144.1,191.9,9.9,63.2,55.3,133.5,9.7,10.3,19.3,93.7,26.3,66.8,27.2,85.1
19.6,14.0,30.2,1.0,7.8,394.6,513.4,19.4,121.2,192.0,12.8,10.4,151.0,172.4,188.2,5.4,98.8,789.6,620.8,28.6,219.8,343.4,24.0,73.2,124.2,157.8,8.2,37.6,144.4,242.2,73.2,21.8,69.8,72.2,91.2,7.8,32.6,1041.6,78.2,70.2,3.2,39.0,38.8,147.0,150.2,1.0,42.4,15.0,157.2,206.8,9.8,67.8,54.4,134.2,9.6,10.4,19.4,89.6,27.4,63.2,27.8,87.2
19.8,14.7,27.9,1.0,8.1,398.1,482.2,18.2,125.9,201.0,12.7,10.2,154.7,181.2,174.6,5.9,100.1,817.8,662.4,28.8,227.1,319.9,23.3,77.3,126.6,147.7,8.3,38.5,144.5,240.6,70.3,22.1,70.7,73.6,92.9,8.1,34.1,978.1,80.9,74.6,3.6,41.7,39.7,157.0,154.3,1.0,45.2,15.7,170.3,221.7,9.7,72.4,53.5,134.9,9.5,10.5,19.5,85.5,28.5,59.6,28.4,89.3
20.0,15.3,25.7,1.0,8.3,401.7,451.0,17.0,130.7,210.0,12.7,10.0,158.3,190.0,161.0,6.3,101.3,846.0,704.0,29.0,234.3,296.3,22.7,81.3,129.0,137.7,8.3,39.3,144.7,239.0,67.3,22.3,71.7,75.0,94.7,8.3,35.7,914.7,83.7,79.0,4.0,44.3,40.7,167.0,158.3,1.0,48.0,16.3,183.3,236.7,9.7,77.0,52.7,135.7,9.3,10.7,19.7,81.3,29.7,56.0,29.0,91.3
20.2,16.0,23.4,1.0,8.6,405.2,419.8,15.8,135.4,219.0,12.6,9.8,162.0,198.8,147.4,6.8,102.6,874.2,745.6,29.2,241.6,272.8,22.0,85.4,131.4,127.6,8.4,40.2,144.8,237.4,64.4,22.6,72.6,76.4,96.4,8.6,37.2,851.2,86.4,83.4,4.4,47.0,41.6,177.0,162.4,1.0,50.8,17.0,196.4,251.6,9.6,81.6,51.8,136.4,9.2,10.8,19.8,77.2,30.8,52.4,29.6,93.4
20.4,16.7,21.1,1.0,8.9,408.7,388.6,14.6,140.1,228.0,12.5,9.6,165.7,207.6,133.8,7.3,103.9,902.4,787.2,29.4,248.9,249.3,21.3,89.5,133.8,117.5,8.5,41.1,144.9,235.8,61.5,22.9,73.5,77.8,98.1,8.9,38.7,787.7,89.1,87.8,4.8,49.7,42.5,187.0,166.5,1.0,53.6,17.7,209.5,266.5,9.5,86.2,50.9,137.1,9.1,10.9,19.9,73.1,31.9,48.8,30.2,95.5
20.6,17.3,18.9,1.0,9.1,412.3,357.4,13.4,144.9,237.0,12.5,9.4,169.3,216.4,120.2,7.7,105.1,930.6,828.8,29.6,256.1,225.7,20.7,93.5,136.2,107.5,8.5,41.9,145.1,234.2,58.5,23.1,74.5,79.2,99.9,9.1,40.3,724.3,91.9,92.2,5.2,52.3,43.5,197.0,170.5,1.0,56.4,18.3,222.5,281.5,9.5,90.8,50.1,137.9,8.9,11.1,20.1,68.9,33.1,45.2,30.8,97.5
20.8,18.0,16.6,1.0,9.4,415.8,326.2,12.2,149.6,246.0,12.4,9.2,173.0,225.2,106.6,8.2,106.4,958.8,870.4,29.8,263.4,202.2,20.0,97.6,138.6,97.4,8.6,42.8,145.2,232.6,55.6,23.4,75.4,80.6,101.6,9.4,41.8,660.8,94.6,96.6,5.6,55.0,44.4,207.0,174.6,1.0,59.2,19.0,235.6,296.4,9.4,95.4,49.2,138.6,8.8,11.2,20.2,64.8,34.2,41.6,31.4,99.6
21.0,18.7,14.3,1.0,9.7,419.3,295.0,11.0,154.3,255.0,12.3,9.0,176.7,234.0,93.0,8.7,107.7,987.0,912.0,30.0,270.7,178.7,19.3,101.7,141.0,87.3,8.7,43.7,145.3,231.0,52.7,23.7,76.3,82.0,103.3,9.7,43.3,597.3,97.3,101.0,6.0,57.7,45.3,217.0,178.7,1.0,62.0,19.7,248.7,311.3,9.3,100.0,48.3,139.3,8.7,11.3,20.3,60.7,35.3,38.0,32.0,101.7
21.2,19.3,12.1,1.0,9.9,422.9,263.8,9.8,159.1,264.0,12.3,8.8,180.3,242.8,79.4,9.1,108.9,1015.2,953.6,30.2,277.9,155.1,18.7,105.7,143.4,77.3,8.7,44.5,145.5,229.4,49.7,23.9,77.3,83.4,105.1,9.9,44.9,533.9,100.1,105.4,6.4,60.3,46.3,227.0,182.7,1.0,64.8,20.3,261.7,326.3,9.3,104.6,47.5,140.1,8.5,11.5,20.5,56.5,36.5,34.4,32.6,103.7
21.4,20.0,9.8,1.0,10.2,426.4,232.6,8.6,163.8,273.0,12.2,8.6,184.0,251.6,65.8,9.6,110.2,1043.4,995.2,30.4,285.2,131.6,18.0,109.8,145.8,67.2,8.8,45.4,145.6,227.8,46.8,24.2,78.2,84.8,106.8,10.2,46.4,470.4,102.8,109.8,6.8,63.0,47.2,237.0,186.8,1.0,67.6,21.0,274.8,341.2,9.2,109.2,46.6,140.8,8.4,11.6,20.6,52.4,37.6,30.8,33.2,105.8
21.6,20.7,7.5,1.0,10.5,429.9,201.4,7.4,168.5,282.0,12.1,8.4,187.7,260.4,52.2,10.1,111.5,1071.6,1036.8,30.6,292.5,108.1,17.3,113.9,148.2,57.1,8.9,46.3,145.7,226.2,43.9,24.5,79.1,86.2,108.5,10.5,47.9,406.9,105.5,114.2,7.2,65.7,48.1,247.0,190.9,1.0,70.4,21.7,287.9,356.1,9.1,113.8,45.7,141.5,8.3,11.7,20.7,48.3,38.7,27.2,33.8,107.9
21.8,21.3,5.3,1.0,10.7,433.5,170.2,6.2,173.3,291.0,12.1,8.2,191.3,269.2,38.6,10.5,112.7,1099.8,1078.4,30.8,299.7,84.5,16.7,117.9,150.6,47.1,8.9,47.1,145.9,224.6,40.9,24.7,80.1,87.6,110.3,10.7,49.5,343.5,108.3,118.6,7.6,68.3,49.1,257.0,194.9,1.0,73.2,22.3,300.9,371.1,9.1,118.4,44.9,142.3,8.1,11.9,20.9,44.1,39.9,23.6,34.4,109.9
22.0,22.0,3.0,1.0,11.0,437.0,139.0,5.0,178.0,300.0,12.0,8.0,195.0,278.0,25.0,11.0,114.0,1128.0,1120.0,31.0,307.0,61.0,16.0,122.0,153.0,37.0,9.0,48.0,146.0,223.0,38.0,25.0,81.0,89.0,112.0,11.0,51.0,280.0,111.0,123.0,8.0,71.0,50.0,267.0,199.0,1.0,76.0,23.0,314.0,386.0,9.0,123.0,44.0,143.0,8.0,12.0,21.0,40.0,41.0,20.0,35.0,112.0
20.0,36.0,5.0,1.0,10.0,383.0,108.0,17.0,213.0,283.0,13.0,8.0,223.0,319.0,32.0,7.0,133.0,866.0,1169.0,37.0,288.0,53.0,13.0,125.0,226.0,24.0,3.0,60.0,181.0,402.0,37.0,25.0,90.0,103.0,206.0,5.0,53.0,392.0,96.0,135.0,7.0,68.0,33.0,185.0,217.0,4.0,86.0,27.0,277.0,466.0,10.0,162.0,47.0,121.0,8.0,15.0,23.0,61.0,30.0,28.0,32.0,109.0
22.0,35.0,6.0,1.0,12.0,379.0,157.0,27.0,224.0,282.0,15.0,11.0,203.0,284.0,28.0,10.0,176.0,999.0,1289.0,55.0,299.0,43.0,14.0,126.0,203.0,29.0,11.0,65.0,152.0,321.0,35.0,24.0,113.0,76.0,153.0,7.0,51.0,273.0,85.0,195.0,7.0,80.0,32.0,150.0,196.0,3.0,140.0,32.0,217.0,435.0,5.0,156.0,48.0,133.0,8.0,19.0,26.0,44.0,23.0,63.0,33.0,116.0
16.0,31.0,2.0,2.0,10.0,346.0,97.0,11.0,203.0,278.0,9.0,10.0,187.0,321.0,31.0,7.0,135.0,865.0,1167.0,24.0,348.0,59.0,23.0,131.0,220.0,39.0,10.0,52.0,234.0,360.0,24.0,61.0,110.0,65.0,109.0,5.0,32.0,378.0,52.0,115.0,5.0,75.0,31.0,145.0,152.0,6.0,126.0,18.0,227.0,486.0,21.0,148.0,45.0,129.0,8.0,12.0,23.0,31.0,23.0,81.0,21.0,92.0
22.0,31.0,5.0,2.0,12.0,390.0,153.0,12.0,194.0,286.0,14.0,5.0,204.0,379.0,42.0,7.0,117.0,1020.0,1228.0,21.0,492.0,68.0,29.0,152.0,210.0,30.0,10.0,63.0,159.0,373.0,15.0,38.0,77.0,88.0,111.0,1.0,53.0,284.0,71.0,140.0,3.0,42.0,35.0,137.0,174.0,4.0,71.0,26.0,231.0,499.0,17.0,131.0,46.0,116.0,12.0,18.0,27.0,21.0,20.0,42.0,28.0,108.0
15.0,29.0,4.0,1.0,8.0,330.0,199.0,8.0,196.0,227.0,15.0,10.0,168.0,311.0,32.0,3.0,111.0,1045.0,927.0,46.0,549.0,67.0,12.0,102.0,194.0,29.0,8.0,48.0,144.0,377.0,12.0,36.0,81.0,68.0,115.0,0.0,53.0,337.0,72.0,77.0,2.0,41.0,29.0,127.0,154.0,3.0,53.0,19.0,198.0,424.0,11.0,102.0,63.0,160.0,5.0,9.0,21.0,18.0,12.0,23.0,23.0,99.0
15.0,34.0,6.0,0.0,10.0,230.0,204.0,24.0,156.0,178.0,15.0,6.0,135.0,267.0,28.0,15.0,95.0,677.0,910.0,20.0,322.0,86.0,19.0,74.0,247.0,44.0,10.0,47.0,113.0,370.0,22.0,32.0,69.0,62.0,120.0,5.0,45.0,464.0,100.0,55.0,8.0,46.0,24.0,116.0,137.0,3.0,57.0,34.0,187.0,409.0,12.0,115.0,41.0,137.0,21.0,18.0,22.0,30.0,21.0,21.0,35.0,88.0
23.0,40.0,10.0,2.0,11.0,313.0,171.0,8.0,166.0,275.0,25.0,12.0,199.0,343.0,48.0,16.0,103.0,691.0,850.0,22.0,289.0,236.0,31.0,139.0,246.0,75.0,9.0,53.0,198.0,439.0,24.0,41.0,132.0,77.0,148.0,13.0,62.0,361.0,139.0,116.0,12.0,65.0,41.0,116.0,172.0,2.0,59.0,26.0,200.0,478.0,13.0,154.0,38.0,122.0,10.0,18.0,25.0,27.0,20.0,31.0,32.0,90.0
18.0,30.0,5.0,1.0,11.0,344.0,123.0,15.0,143.0,254.0,15.0,8.0,157.0,338.0,28.0,5.0,101.0,791.0,988.0,32.0,245.0,49.0,10.0,71.0,262.0,8.0,11.0,38.0,165.0,333.0,28.0,16.0,85.0,61.0,138.0,0.0,31.0,412.0,80.0,93.0,6.0,38.0,23.0,106.0,223.0,1.0,40.0,19.0,205.0,388.0,3.0,114.0,31.0,153.0,6.0,10.0,21.0,19.0,13.0,17.0,28.0,89.0
26.0,43.0,3.0,2.0,12.0,413.0,88.0,17.0,240.0,275.0,13.0,9.0,182.0,326.0,32.0,17.0,106.0,755.0,1234.0,20.0,221.0,49.0,21.0,97.0,263.0,16.0,5.0,43.0,145.0,348.0,21.0,20.0,106.0,63.0,123.0,0.0,38.0,360.0,75.0,68.0,8.0,45.0,35.0,164.0,221.0,2.0,63.0,22.0,199.0,403.0,10.0,144.0,33.0,137.0,5.0,9.0,22.0,19.0,13.0,22.0,26.0,93.0
28.0,41.0,3.0,1.0,14.0,431.0,93.0,14.0,229.0,276.0,20.0,9.0,217.0,360.0,43.0,11.0,133.0,766.0,1044.0,26.0,277.0,48.0,21.0,105.0,298.0,32.0,5.0,55.0,203.0,434.0,16.0,23.0,135.0,120.0,185.0,4.0,76.0,307.0,66.0,75.0,6.0,63.0,38.0,245.0,197.0,3.0,57.0,12.0,243.0,479.0,11.0,135.0,39.0,128.0,5.0,11.0,22.0,18.0,14.0,20.0,21.0,106.0
27.0,32.0,5.0,1.0,17.0,445.0,83.0,7.0,203.0,275.0,21.0,8.0,209.0,378.0,69.0,9.0,105.0,749.0,1058.0,29.0,295.0,37.0,15.0,115.0,224.0,29.0,4.0,59.0,156.0,351.0,33.0,27.0,88.0,108.0,159.0,11.0,48.0,419.0,55.0,95.0,4.0,83.0,35.0,323.0,183.0,3.0,78.0,13.0,273.0,380.0,10.0,142.0,44.0,123.0,8.0,12.0,20.0,59.0,26.0,18.0,26.0,106.0
31.0,40.0,3.0,1.0,13.0,446.0,136.0,6.0,165.0,292.0,23.0,6.0,210.0,278.0,67.0,7.0,108.0,872.0,883.0,23.0,306.0,54.0,16.0,133.0,221.0,36.0,3.0,60.0,157.0,466.0,34.0,18.0,97.0,79.0,153.0,6.0,43.0,377.0,66.0,129.0,10.0,93.0,40.0,282.0,132.0,2.0,84.0,42.0,280.0,410.0,10.0,156.0,38.0,112.0,6.0,17.0,23.0,67.0,82.0,32.0,28.0,120.0
26.0,40.0,4.0,2.0,14.0,448.0,137.0,18.0,237.0,263.0,26.0,12.0,203.0,308.0,46.0,15.0,98.0,755.0,1045.0,25.0,319.0,76.0,19.0,114.0,267.0,33.0,12.0,53.0,171.0,544.0,11.0,16.0,116.0,98.0,165.0,8.0,64.0,311.0,95.0,129.0,6.0,65.0,40.0,170.0,208.0,1.0,84.0,9.0,240.0,487.0,12.0,152.0,49.0,169.0,5.0,14.0,19.0,31.0,24.0,31.0,31.0,101.0
19.0,25.0,5.0,1.0,15.0,394.0,133.0,27.0,272.0,293.0,23.0,16.0,174.0,349.0,48.0,12.0,116.0,907.0,926.0,36.0,358.0,78.0,24.0,118.0,187.0,58.0,3.0,73.0,167.0,330.0,45.0,28.0,120.0,89.0,179.0,4.0,73.0,380.0,61.0,161.0,6.0,91.0,49.0,134.0,199.0,4.0,123.0,26.0,233.0,254.0,13.0,201.0,41.0,136.0,8.0,13.0,28.0,64.0,51.0,95.0,27.0,129.0
24.0,33.0,6.0,2.0,13.0,371.0,171.0,23.0,160.0,222.0,20.0,9.0,190.0,252.0,45.0,15.0,122.0,722.0,926.0,13.0,355.0,88.0,25.0,107.0,230.0,27.0,5.0,61.0,150.0,265.0,39.0,25.0,79.0,84.0,184.0,2.0,56.0,296.0,43.0,113.0,4.0,60.0,14.0,127.0,175.0,2.0,105.0,16.0,238.0,257.0,21.0,157.0,49.0,179.0,11.0,11.0,19.0,29.0,20.0,96.0,25.0,116.0
22.0,43.0,4.0,1.0,14.0,361.0,192.0,6.0,161.0,236.0,11.0,8.0,183.0,323.0,41.0,9.0,97.0,864.0,1014.0,16.0,454.0,90.0,11.0,117.0,215.0,45.0,14.0,33.0,151.0,473.0,30.0,3.0,83.0,82.0,219.0,1.0,55.0,385.0,49.0,98.0,4.0,45.0,15.0,114.0,201.0,3.0,76.0,28.0,231.0,302.0,9.0,138.0,47.0,110.0,8.0,15.0,19.0,20.0,18.0,39.0,21.0,96.0
17.0,40.0,5.0,1.0,9.0,234.0,189.0,13.0,108.0,197.0,13.0,8.0,150.0,212.0,49.0,8.0,90.0,830.0,759.0,18.0,608.0,102.0,12.0,98.0,198.0,38.0,12.0,39.0,145.0,380.0,71.0,9.0,67.0,72.0,156.0,2.0,49.0,330.0,77.0,68.0,5.0,35.0,14.0,113.0,144.0,2.0,67.0,20.0,163.0,279.0,3.0,83.0,51.0,139.0,6.0,11.0,17.0,11.0,13.0,36.0,25.0,88.0
15.0,33.0,6.0,1.0,12.0,218.0,219.0,26.0,133.0,162.0,17.0,8.0,125.0,231.0,56.0,12.0,74.0,607.0,852.0,33.0,348.0,139.0,19.0,56.0,82.0,55.0,5.0,44.0,98.0,360.0,21.0,22.0,77.0,61.0,168.0,6.0,33.0,445.0,61.0,34.0,4.0,49.0,42.0,112.0,146.0,1.0,65.0,12.0,188.0,286.0,10.0,138.0,41.0,133.0,14.0,21.0,20.0,35.0,20.0,45.0,31.0,91.0
31.0,38.0,7.0,2.0,14.0,381.0,189.0,12.0,159.0,239.0,22.0,9.0,193.0,323.0,77.0,5.0,90.0,677.0,728.0,36.0,344.0,400.0,18.0,78.0,108.0,59.0,20.0,44.0,147.0,354.0,22.0,9.0,113.0,97.0,137.0,13.0,51.0,594.0,50.0,111.0,8.0,41.0,31.0,125.0,169.0,4.0,81.0,21.0,202.0,403.0,17.0,121.0,38.0,173.0,6.0,15.0,17.0,33.0,14.0,41.0,26.0,72.0
24.0,31.0,8.0,2.0,18.0,307.0,153.0,17.0,124.0,224.0,11.0,4.0,174.0,318.0,50.0,11.0,100.0,610.0,759.0,28.0,213.0,85.0,12.0,78.0,156.0,33.0,9.0,38.0,107.0,284.0,21.0,30.0,53.0,76.0,124.0,2.0,42.0,381.0,32.0,81.0,3.0,37.0,28.0,130.0,271.0,4.0,55.0,17.0,173.0,366.0,13.0,90.0,38.0,132.0,5.0,10.0,18.0,18.0,10.0,19.0,19.0,67.0
24.0,34.0,9.0,1.0,14.0,420.0,253.0,9.0,129.0,210.0,12.0,5.0,144.0,296.0,30.0,10.0,102.0,637.0,623.0,25.0,230.0,80.0,16.0,95.0,147.0,42.0,7.0,36.0,98.0,324.0,38.0,11.0,58.0,59.0,117.0,0.0,46.0,363.0,46.0,61.0,2.0,41.0,27.0,176.0,292.0,3.0,52.0,21.0,206.0,356.0,15.0,145.0,40.0,144.0,5.0,11.0,16.0,21.0,12.0,22.0,19.0,93.0
26.0,37.0,6.0,2.0,12.0,460.0,174.0,14.0,153.0,198.0,13.0,12.0,197.0,308.0,64.0,3.0,144.0,702.0,870.0,25.0,252.0,64.0,16.0,76.0,160.0,29.0,10.0,41.0,155.0,408.0,24.0,5.0,111.0,97.0,115.0,1.0,54.0,394.0,77.0,71.0,2.0,47.0,50.0,240.0,275.0,2.0,60.0,11.0,221.0,458.0,11.0,124.0,44.0,171.0,6.0,12.0,16.0,23.0,11.0,33.0,24.0,68.0
31.0,29.0,6.0,1.0,16.0,442.0,95.0,5.0,207.0,261.0,11.0,7.0,183.0,267.0,59.0,4.0,112.0,886.0,758.0,22.0,296.0,51.0,20.0,65.0,144.0,41.0,5.0,33.0,157.0,260.0,26.0,15.0,96.0,71.0,104.0,9.0,43.0,294.0,51.0,98.0,7.0,61.0,57.0,280.0,165.0,3.0,70.0,8.0,265.0,355.0,4.0,169.0,58.0,177.0,7.0,14.0,19.0,67.0,25.0,23.0,21.0,81.0
30.0,29.0,6.0,1.0,17.0,447.0,94.0,11.0,188.0,235.0,9.0,10.0,160.0,273.0,32.0,7.0,115.0,778.0,691.0,25.0,262.0,85.0,14.0,85.0,135.0,32.0,12.0,45.0,112.0,301.0,21.0,18.0,68.0,78.0,119.0,1.0,53.0,389.0,87.0,134.0,11.0,81.0,43.0,322.0,122.0,4.0,106.0,11.0,316.0,371.0,23.0,135.0,51.0,174.0,7.0,13.0,19.0,62.0,49.0,32.0,24.0,73.0
28.0,31.0,6.0,2.0,17.0,434.0,160.0,21.0,214.0,224.0,15.0,10.0,164.0,276.0,35.0,14.0,79.0,704.0,853.0,30.0,259.0,76.0,22.0,89.0,174.0,42.0,8.0,63.0,125.0,332.0,32.0,5.0,73.0,94.0,157.0,6.0,53.0,388.0,80.0,121.0,9.0,75.0,48.0,143.0,145.0,5.0,107.0,16.0,224.0,335.0,16.0,153.0,47.0,153.0,8.0,14.0,19.0,39.0,34.0,49.0,21.0,84.0
28.0,27.0,7.0,1.0,20.0,378.0,177.0,16.0,205.0,203.0,9.0,14.0,145.0,206.0,26.0,13.0,125.0,736.0,698.0,44.0,316.0,101.0,24.0,65.0,141.0,28.0,16.0,40.0,157.0,417.0,37.0,28.0,122.0,68.0,147.0,6.0,60.0,364.0,78.0,174.0,4.0,74.0,49.0,143.0,166.0,5.0,159.0,19.0,213.0,416.0,17.0,139.0,45.0,196.0,5.0,10.0,18.0,83.0,29.0,65.0,17.0,132.0
23.0,25.0,7.0,1.0,14.0,294.0,135.0,19.0,141.0,214.0,13.0,6.0,152.0,215.0,55.0,7.0,78.0,716.0,709.0,41.0,297.0,65.0,19.0,80.0,101.0,20.0,9.0,43.0,111.0,504.0,22.0,9.0,82.0,78.0,164.0,7.0,37.0,347.0,58.0,123.0,4.0,59.0,35.0,118.0,160.0,5.0,121.0,23.0,221.0,328.0,16.0,134.0,49.0,157.0,8.0,14.0,19.0,27.0,11.0,59.0,20.0,93.0
21.0,21.0,6.0,3.0,15.0,387.0,196.0,10.0,177.0,202.0,12.0,4.0,167.0,212.0,52.0,8.0,81.0,775.0,648.0,34.0,463.0,91.0,21.0,55.0,102.0,16.0,11.0,43.0,135.0,303.0,34.0,13.0,84.0,72.0,123.0,5.0,38.0,358.0,70.0,116.0,3.0,53.0,31.0,120.0,198.0,3.0,59.0,29.0,199.0,299.0,16.0,101.0,44.0,165.0,11.0,11.0,16.0,31.0,7.0,30.0,18.0,90.0
14.0,30.0,6.0,1.0,11.0,267.0,224.0,7.0,138.0,162.0,14.0,9.0,135.0,272.0,63.0,10.0,62.0,726.0,497.0,39.0,518.0,94.0,14.0,62.0,131.0,25.0,10.0,38.0,101.0,270.0,32.0,8.0,72.0,60.0,114.0,3.0,37.0,306.0,56.0,66.0,3.0,38.0,42.0,103.0,130.0,3.0,51.0,30.0,170.0,296.0,10.0,84.0,45.0,168.0,8.0,11.0,16.0,18.0,11.0,32.0,19.0,77.0
12.0,32.0,7.0,2.0,8.0,200.0,217.0,15.0,130.0,125.0,14.0,7.0,133.0,200.0,39.0,9.0,108.0,500.0,663.0,34.0,291.0,170.0,12.0,46.0,143.0,32.0,6.0,26.0,85.0,282.0,23.0,14.0,66.0,63.0,155.0,8.0,36.0,556.0,75.0,46.0,2.0,51.0,36.0,112.0,109.0,5.0,56.0,25.0,155.0,244.0,8.0,100.0,43.0,150.0,10.0,17.0,18.0,38.0,18.0,42.0,33.0,71.0
23.0,26.0,12.0,1.0,15.0,380.0,229.0,15.0,130.0,224.0,17.0,5.0,159.0,181.0,60.0,23.0,82.0,475.0,440.0,60.0,220.0,255.0,19.0,79.0,168.0,22.0,5.0,59.0,146.0,364.0,37.0,25.0,94.0,70.0,164.0,4.0,39.0,588.0,71.0,110.0,3.0,47.0,72.0,125.0,161.0,3.0,54.0,29.0,220.0,318.0,23.0,166.0,38.0,138.0,6.0,14.0,16.0,25.0,17.0,29.0,33.0,80.0
18.0,27.0,6.0,1.0,14.0,332.0,196.0,9.0,117.0,165.0,9.0,6.0,137.0,146.0,47.0,9.0,88.0,554.0,540.0,62.0,205.0,75.0,8.0,79.0,139.0,19.0,16.0,41.0,98.0,456.0,23.0,11.0,65.0,63.0,132.0,7.0,35.0,406.0,59.0,62.0,4.0,36.0,28.0,129.0,223.0,2.0,50.0,16.0,186.0,309.0,13.0,111.0,35.0,144.0,5.0,9.0,14.0,16.0,7.0,23.0,20.0,73.0
21.0,34.0,7.0,2.0,10.0,368.0,145.0,23.0,129.0,171.0,14.0,8.0,123.0,186.0,32.0,4.0,80.0,589.0,434.0,41.0,160.0,45.0,20.0,72.0,147.0,34.0,2.0,34.0,89.0,282.0,19.0,4.0,78.0,63.0,152.0,8.0,22.0,313.0,63.0,60.0,3.0,37.0,24.0,199.0,228.0,1.0,52.0,23.0,145.0,287.0,15.0,88.0,42.0,169.0,5.0,10.0,13.0,26.0,11.0,16.0,28.0,75.0
15.0,22.0,4.0,1.0,14.0,397.0,117.0,10.0,186.0,230.0,19.0,13.0,178.0,188.0,47.0,9.0,119.0,655.0,487.0,37.0,221.0,64.0,15.0,71.0,102.0,29.0,5.0,41.0,146.0,341.0,45.0,19.0,78.0,81.0,149.0,8.0,42.0,320.0,110.0,73.0,2.0,45.0,42.0,220.0,185.0,3.0,66.0,20.0,214.0,324.0,17.0,143.0,35.0,143.0,6.0,12.0,17.0,22.0,12.0,26.0,25.0,84.0
19.0,22.0,6.0,2.0,15.0,462.0,106.0,15.0,192.0,244.0,13.0,5.0,166.0,172.0,63.0,4.0,104.0,702.0,489.0,34.0,250.0,70.0,10.0,89.0,118.0,36.0,2.0,48.0,136.0,319.0,38.0,8.0,68.0,99.0,95.0,5.0,46.0,411.0,51.0,92.0,7.0,73.0,36.0,317.0,148.0,6.0,61.0,10.0,285.0,270.0,16.0,143.0,41.0,170.0,7.0,10.0,16.0,74.0,20.0,21.0,21.0,73.0
21.0,17.0,5.0,2.0,11.0,372.0,102.0,24.0,136.0,217.0,10.0,9.0,181.0,188.0,52.0,14.0,106.0,741.0,512.0,26.0,262.0,87.0,11.0,85.0,92.0,37.0,4.0,36.0,155.0,302.0,29.0,15.0,93.0,74.0,101.0,3.0,48.0,318.0,31.0,140.0,9.0,82.0,35.0,228.0,96.0,4.0,74.0,36.0,271.0,276.0,14.0,151.0,40.0,108.0,5.0,14.0,17.0,88.0,59.0,25.0,31.0,76.0
20.0,27.0,5.0,1.0,12.0,396.0,163.0,9.0,179.0,222.0,17.0,9.0,161.0,177.0,43.0,17.0,69.0,654.0,648.0,11.0,295.0,92.0,16.0,86.0,127.0,38.0,4.0,60.0,190.0,359.0,55.0,27.0,90.0,94.0,112.0,7.0,48.0,340.0,60.0,103.0,9.0,70.0,46.0,135.0,140.0,4.0,101.0,23.0,253.0,352.0,5.0,175.0,34.0,143.0,6.0,9.0,16.0,48.0,41.0,41.0,38.0,86.0
20.0,23.0,6.0,3.0,10.0,344.0,186.0,13.0,167.0,173.0,18.0,7.0,136.0,168.0,50.0,7.0,95.0,593.0,643.0,27.0,275.0,106.0,14.0,89.0,131.0,53.0,3.0,53.0,164.0,240.0,59.0,12.0,115.0,60.0,113.0,3.0,31.0,418.0,68.0,166.0,6.0,68.0,39.0,131.0,123.0,7.0,146.0,21.0,233.0,307.0,16.0,211.0,36.0,156.0,6.0,12.0,19.0,59.0,35.0,85.0,27.0,101.0
22.0,21.0,5.0,2.0,12.0,319.0,161.0,17.0,127.0,204.0,6.0,8.0,132.0,166.0,45.0,11.0,68.0,582.0,546.0,10.0,306.0,104.0,11.0,91.0,122.0,32.0,12.0,38.0,143.0,305.0,27.0,30.0,80.0,71.0,93.0,3.0,40.0,502.0,28.0,143.0,4.0,42.0,29.0,132.0,113.0,5.0,115.0,9.0,252.0,306.0,19.0,160.0,36.0,136.0,5.0,10.0,15.0,32.0,16.0,61.0,25.0,106.0
20.0,25.0,9.0,1.0,11.0,328.0,182.0,21.0,145.0,159.0,11.0,10.0,153.0,151.0,45.0,11.0,71.0,733.0,577.0,18.0,440.0,116.0,10.0,77.0,191.0,29.0,6.0,35.0,120.0,293.0,37.0,16.0,60.0,72.0,199.0,5.0,39.0,414.0,44.0,87.0,4.0,41.0,36.0,133.0,85.0,5.0,81.0,6.0,250.0,275.0,3.0,168.0,31.0,135.0,7.0,8.0,14.0,29.0,11.0,36.0,24.0,69.0
16.0,22.0,7.0,2.0,8.0,236.0,178.0,30.0,119.0,127.0,7.0,7.0,123.0,146.0,50.0,4.0,68.0,667.0,465.0,14.0,606.0,103.0,14.0,70.0,109.0,37.0,5.0,26.0,95.0,400.0,16.0,14.0,61.0,56.0,135.0,0.0,31.0,403.0,59.0,58.0,2.0,41.0,42.0,119.0,73.0,3.0,43.0,23.0,181.0,277.0,1.0,111.0,31.0,122.0,5.0,8.0,13.0,19.0,9.0,30.0,30.0,66.0
15.0,21.0,15.0,2.0,7.0,166.0,189.0,21.0,88.0,101.0,13.0,8.0,98.0,164.0,34.0,11.0,63.0,479.0,444.0,20.0,336.0,216.0,10.0,50.0,105.0,29.0,6.0,27.0,104.0,266.0,30.0,21.0,63.0,60.0,124.0,4.0,28.0,422.0,56.0,46.0,5.0,49.0,50.0,93.0,136.0,5.0,40.0,35.0,188.0,248.0,1.0,149.0,29.0,134.0,7.0,13.0,12.0,58.0,17.0,31.0,35.0,76.0
19.0,16.0,7.0,3.0,15.0,356.0,196.0,19.0,156.0,217.0,18.0,7.0,170.0,228.0,56.0,15.0,100.0,539.0,538.0,37.0,246.0,311.0,11.0,86.0,143.0,33.0,11.0,48.0,153.0,380.0,31.0,29.0,87.0,66.0,193.0,5.0,53.0,426.0,69.0,99.0,5.0,46.0,60.0,115.0,156.0,5.0,57.0,38.0,235.0,306.0,0.0,173.0,30.0,127.0,4.0,15.0,12.0,31.0,13.0,30.0,28.0,77.0
20.0,20.0,7.0,1.0,11.0,312.0,154.0,17.0,156.0,184.0,12.0,8.0,154.0,164.0,47.0,8.0,82.0,510.0,490.0,13.0,214.0,71.0,13.0,71.0,136.0,37.0,8.0,25.0,126.0,251.0,29.0,15.0,60.0,57.0,158.0,1.0,32.0,430.0,30.0,65.0,2.0,33.0,45.0,131.0,185.0,2.0,52.0,29.0,177.0,306.0,2.0,121.0,25.0,131.0,16.0,8.0,10.0,20.0,12.0,19.0,15.0,64.0
20.0,14.0,7.0,1.0,14.0,324.0,116.0,6.0,152.0,176.0,14.0,6.0,137.0,222.0,39.0,6.0,98.0,595.0,430.0,17.0,189.0,78.0,18.0,75.0,160.0,34.0,7.0,29.0,141.0,291.0,44.0,12.0,92.0,62.0,111.0,3.0,38.0,359.0,32.0,56.0,3.0,39.0,41.0,178.0,188.0,3.0,48.0,8.0,192.0,340.0,1.0,149.0,25.0,123.0,7.0,9.0,13.0,22.0,8.0,29.0,25.0,75.0
26.0,27.0,6.0,2.0,13.0,438.0,162.0,13.0,162.0,204.0,11.0,8.0,150.0,222.0,36.0,3.0,106.0,566.0,567.0,33.0,204.0,82.0,14.0,87.0,184.0,39.0,11.0,32.0,169.0,306.0,63.0,19.0,92.0,86.0,154.0,1.0,45.0,454.0,57.0,77.0,6.0,44.0,31.0,259.0,241.0,3.0,57.0,19.0,236.0,279.0,7.0,151.0,32.0,133.0,5.0,22.0,15.0,20.0,14.0,24.0,23.0,72.0
21.0,19.0,6.0,1.0,14.0,439.0,116.0,13.0,183.0,183.0,17.0,6.0,149.0,161.0,49.0,4.0,93.0,626.0,453.0,21.0,251.0,73.0,18.0,90.0,165.0,37.0,9.0,36.0,153.0,367.0,20.0,17.0,103.0,101.0,82.0,9.0,41.0,414.0,68.0,87.0,6.0,77.0,18.0,383.0,136.0,3.0,66.0,30.0,228.0,303.0,6.0,133.0,27.0,93.0,8.0,22.0,20.0,78.0,23.0,25.0,28.0,84.0
25.0,26.0,7.0,1.0,13.0,404.0,133.0,16.0,154.0,200.0,19.0,11.0,141.0,148.0,55.0,6.0,81.0,667.0,637.0,24.0,290.0,84.0,21.0,115.0,165.0,53.0,5.0,47.0,137.0,265.0,32.0,18.0,77.0,71.0,79.0,4.0,33.0,516.0,79.0,110.0,11.0,93.0,42.0,259.0,146.0,6.0,69.0,13.0,194.0,228.0,12.0,119.0,24.0,114.0,4.0,11.0,15.0,61.0,72.0,34.0,29.0,85.0
19.0,15.0,8.0,1.0,14.0,397.0,238.0,13.0,118.0,209.0,17.0,9.0,176.0,212.0,63.0,9.0,84.0,611.0,646.0,40.0,235.0,92.0,10.0,101.0,232.0,45.0,11.0,49.0,188.0,341.0,42.0,17.0,106.0,82.0,107.0,2.0,43.0,385.0,48.0,115.0,4.0,81.0,23.0,136.0,100.0,2.0,79.0,13.0,226.0,285.0,9.0,141.0,24.0,138.0,12.0,12.0,14.0,42.0,44.0,30.0,28.0,78.0
