"Hires: Total private - Level in Thousands, Monthly, Not Seasonally Adjusted (1 to 9 employees)","Other separations: Total private - Level in Thousands, Monthly, Not Seasonally Adjusted (1 to 9 employees)","Quits: Total private - Level in Thousands, Monthly, Not Seasonally Adjusted (1 to 9 employees)","Other separations: Total private - Level in Thousands, Monthly, Not Seasonally Adjusted (10 to 49 employees)","Hires: Total private - Level in Thousands, Monthly, Not Seasonally Adjusted (50 to 249 employees)","Other separations: Total private - Level in Thousands, Monthly, Not Seasonally Adjusted (50 to 249 employees)","Hires: Total private - Level in Thousands, Monthly, Not Seasonally Adjusted (250 to 999 employees)","Other separations: Total private - Level in Thousands, Monthly, Not Seasonally Adjusted (250 to 999 employees)","Hires: Total private - Level in Thousands, Monthly, Not Seasonally Adjusted (1,000 to 4,999 employees)","Job Openings: Total private - Level in Thousands, Monthly, Not Seasonally Adjusted (1,000 to 4,999 employees)","Layoffs and Discharges: Total private - Level in Thousands, Monthly, Not Seasonally Adjusted (1,000 to 4,999 employees)","Other separations: Total private - Level in Thousands, Monthly, Not Seasonally Adjusted (1,000 to 4,999 employees)","Hires: Total private - Level in Thousands, Monthly, Not Seasonally Adjusted (5,000 or more employees)","Layoffs and Discharges: Total private - Level in Thousands, Monthly, Not Seasonally Adjusted (5,000 or more employees)","Other separations: Total private - Level in Thousands, Monthly, Not Seasonally Adjusted (5,000 or more employees)","Total Separations: Mining and logging - Level in Thousands, Monthly, Not Seasonally Adjusted (All size classes)","Total Separations: Construction - Level in Thousands, Monthly, Not Seasonally Adjusted (All size classes)","Total Separations: Nondurable goods manufacturing - Level in Thousands, Monthly, Not Seasonally Adjusted (All size classes)","Total Separations: Wholesale trade - Level in Thousands, Monthly, Not Seasonally Adjusted (All size classes)","Total Separations: Retail trade - Level in Thousands, Monthly, Not Seasonally Adjusted (All size classes)","Total Separations: Transportation, warehousing, and utilities - Level in Thousands, Monthly, Not Seasonally Adjusted (All size classes)","Total Separations: Information - Level in Thousands, Monthly, Not Seasonally Adjusted (All size classes)","Total Separations: Finance and insurance - Level in Thousands, Monthly, Not Seasonally Adjusted (All size classes)","Total Separations: Real estate and rental and leasing - Level in Thousands, Monthly, Not Seasonally Adjusted (All size classes)","Total Separations: Professional and business services - Level in Thousands, Monthly, Not Seasonally Adjusted (All size classes)","Total Separations: Arts, entertainment, and recreation - Level in Thousands, Monthly, Not Seasonally Adjusted (All size classes)","Total Separations: Federal - Level in Thousands, Monthly, Not Seasonally Adjusted (All size classes)","Total Separations: State and local government education - Level in Thousands, Monthly, Not Seasonally Adjusted (All size classes)","Total Separations: State and local government, excluding education - Level in Thousands, Monthly, Not Seasonally Adjusted (All size classes)"
406.0,45.0,273.0,89.0,1534.0,75.0,586.0,44.0,185.0,378.0,94.0,17.0,57.0,27.0,7.0,28.0,480.0,234.0,167.0,1020.0,111.0,82.0,135.0,63.0,924.0,99.0,27.0,98.0,115.0
731.0,168.0,438.0,137.0,1935.0,102.0,816.0,51.0,285.0,401.0,259.0,23.0,94.0,29.0,8.0,27.0,520.0,270.0,203.0,1320.0,212.0,205.0,259.0,100.0,1442.0,100.0,60.0,96.0,112.0
540.0,43.0,273.0,62.0,1494.0,69.0,599.0,37.0,219.0,393.0,76.0,14.0,65.0,29.0,5.0,14.0,438.0,179.0,144.0,681.0,137.0,103.0,124.0,50.0,733.0,69.0,27.0,70.0,115.0
486.0,24.0,253.0,104.0,1804.0,79.0,621.0,53.0,201.0,359.0,82.0,17.0,70.0,32.0,12.0,19.0,438.0,200.0,134.0,654.0,123.0,85.0,136.0,47.0,887.0,79.0,28.0,69.0,111.0
792.0,31.0,413.0,130.0,1964.0,92.0,664.0,47.0,253.0,428.0,121.0,21.0,78.0,22.0,9.0,22.0,436.0,243.0,177.0,847.0,183.0,173.0,161.0,84.0,987.0,132.0,27.0,59.0,127.0
569.0,39.0,315.0,113.0,2104.0,83.0,726.0,35.0,255.0,377.0,123.0,20.0,82.0,13.0,7.0,20.0,402.0,223.0,197.0,849.0,170.0,120.0,126.0,50.0,982.0,93.0,32.0,199.0,130.0
547.0,42.0,285.0,94.0,2016.0,85.0,744.0,45.0,265.0,394.0,93.0,24.0,71.0,28.0,10.0,26.0,411.0,226.0,134.0,753.0,182.0,133.0,139.0,87.0,877.0,92.0,21.0,262.0,106.0
652.0,85.0,411.0,103.0,1965.0,112.0,752.0,59.0,287.0,455.0,113.0,23.0,76.0,22.0,8.0,30.0,464.0,212.0,206.0,865.0,185.0,174.0,193.0,91.0,1119.0,172.0,41.0,211.0,124.0
494.0,89.0,348.0,91.0,1892.0,124.0,792.0,51.0,289.0,367.0,117.0,23.0,73.0,23.0,6.0,30.0,484.0,243.0,175.0,880.0,152.0,140.0,177.0,74.0,1148.0,257.0,44.0,176.0,293.0
524.0,55.0,339.0,98.0,1786.0,100.0,749.0,40.0,257.0,385.0,124.0,21.0,70.0,29.0,8.0,22.0,451.0,198.0,152.0,835.0,192.0,112.0,110.0,82.0,880.0,280.0,34.0,81.0,238.0
679.0,29.0,327.0,107.0,1823.0,93.0,766.0,46.0,303.0,377.0,165.0,23.0,61.0,31.0,6.0,27.0,522.0,234.0,182.0,897.0,176.0,153.0,141.0,86.0,1076.0,206.0,43.0,67.0,150.0
396.0,25.0,175.0,52.0,1580.0,74.0,647.0,38.0,280.0,359.0,103.0,28.0,44.0,23.0,7.0,22.0,507.0,189.0,137.0,727.0,169.0,123.0,106.0,72.0,775.0,161.0,33.0,53.0,112.0
409.0,34.0,222.0,90.0,1108.0,92.0,557.0,48.0,248.0,319.0,112.0,26.0,43.0,33.0,7.0,20.0,493.0,205.0,152.0,878.0,156.0,105.0,110.0,55.0,751.0,95.0,40.0,98.0,100.0
635.0,71.0,377.0,122.0,1538.0,136.0,711.0,74.0,319.0,361.0,135.0,35.0,75.0,36.0,10.0,30.0,501.0,214.0,201.0,1084.0,196.0,170.0,198.0,101.0,1182.0,95.0,60.0,89.0,109.0
459.0,30.0,186.0,86.0,1302.0,78.0,593.0,42.0,241.0,352.0,92.0,24.0,45.0,21.0,8.0,17.0,404.0,171.0,133.0,656.0,126.0,89.0,104.0,46.0,638.0,78.0,40.0,71.0,104.0
443.0,34.0,157.0,63.0,1440.0,91.0,699.0,64.0,295.0,387.0,112.0,26.0,43.0,19.0,5.0,21.0,348.0,147.0,141.0,565.0,123.0,91.0,108.0,59.0,744.0,87.0,33.0,59.0,104.0
710.0,54.0,348.0,102.0,1856.0,107.0,783.0,60.0,323.0,458.0,138.0,24.0,42.0,18.0,7.0,22.0,436.0,201.0,166.0,680.0,161.0,128.0,156.0,86.0,940.0,170.0,37.0,73.0,128.0
505.0,35.0,264.0,75.0,1780.0,72.0,762.0,46.0,322.0,366.0,89.0,25.0,42.0,18.0,6.0,18.0,366.0,179.0,167.0,718.0,114.0,85.0,142.0,51.0,829.0,90.0,33.0,177.0,106.0
600.0,27.0,247.0,72.0,1815.0,83.0,764.0,50.0,337.0,389.0,90.0,28.0,60.0,17.0,8.0,20.0,373.0,172.0,148.0,728.0,152.0,106.0,139.0,73.0,708.0,80.0,38.0,275.0,127.0
724.0,44.0,383.0,102.0,1728.0,131.0,756.0,62.0,324.0,407.0,107.0,28.0,58.0,27.0,9.0,27.0,510.0,208.0,210.0,792.0,150.0,129.0,153.0,102.0,1025.0,118.0,51.0,212.0,157.0
468.0,22.0,362.0,90.0,1634.0,98.0,767.0,61.0,311.0,388.0,94.0,24.0,46.0,19.0,7.0,30.0,463.0,200.0,174.0,848.0,169.0,104.0,154.0,88.0,889.0,216.0,53.0,191.0,220.0
549.0,47.0,316.0,102.0,1589.0,92.0,760.0,51.0,302.0,358.0,117.0,26.0,53.0,15.0,7.0,18.0,477.0,175.0,157.0,774.0,164.0,101.0,122.0,79.0,786.0,204.0,50.0,139.0,233.0
662.0,18.0,339.0,100.0,1648.0,99.0,801.0,51.0,304.0,421.0,110.0,29.0,41.0,15.0,7.0,17.0,518.0,189.0,160.0,734.0,144.0,105.0,121.0,67.0,939.0,131.0,39.0,85.0,148.0
349.0,50.0,212.0,79.0,1442.0,76.0,669.0,43.0,276.0,393.0,116.0,18.0,41.0,13.0,7.0,14.0,416.0,157.0,142.0,708.0,117.0,98.0,97.0,60.0,732.0,143.0,44.0,72.0,118.0
421.0,52.0,267.0,84.0,1153.0,107.0,546.0,49.0,256.0,307.0,101.0,23.0,35.0,21.0,9.0,18.0,492.0,171.0,137.0,826.0,157.0,94.0,122.0,68.0,857.0,105.0,36.0,99.0,115.0
800.0,129.0,373.0,135.0,1469.0,118.0,657.0,78.0,294.0,363.0,149.0,38.0,57.0,30.0,11.0,29.0,554.0,200.0,194.0,1052.0,186.0,147.0,185.0,115.0,1009.0,114.0,57.0,101.0,107.0
436.0,21.0,281.0,89.0,1231.0,82.0,617.0,43.0,240.0,333.0,95.0,20.0,35.0,14.0,6.0,19.0,365.0,157.0,113.0,713.0,95.0,92.0,102.0,54.0,646.0,83.0,33.0,76.0,94.0
500.0,26.0,210.0,92.0,1297.0,93.0,593.0,53.0,273.0,336.0,88.0,28.0,31.0,13.0,6.0,20.0,339.0,150.0,121.0,580.0,136.0,81.0,104.0,63.0,681.0,90.0,33.0,74.0,99.0
818.0,47.0,429.0,116.0,1613.0,78.0,677.0,55.0,270.0,367.0,119.0,24.0,39.0,15.0,6.0,22.0,392.0,172.0,153.0,648.0,131.0,95.0,132.0,98.0,882.0,183.0,35.0,75.0,121.0
566.0,36.0,237.0,71.0,1596.0,94.0,789.0,49.0,293.0,324.0,104.0,24.0,33.0,10.0,5.0,18.0,364.0,142.0,151.0,656.0,123.0,92.0,110.0,68.0,738.0,109.0,44.0,195.0,115.0
608.0,33.0,323.0,81.0,1644.0,80.0,789.0,45.0,340.0,307.0,103.0,23.0,47.0,13.0,6.0,20.0,393.0,147.0,134.0,660.0,157.0,97.0,127.0,80.0,710.0,86.0,32.0,249.0,134.0
673.0,38.0,334.0,86.0,1560.0,110.0,750.0,44.0,292.0,303.0,107.0,27.0,44.0,16.0,6.0,23.0,474.0,180.0,201.0,687.0,146.0,113.0,148.0,88.0,868.0,123.0,37.0,222.0,136.0
556.0,23.0,347.0,84.0,1548.0,87.0,758.0,46.0,296.0,333.0,132.0,25.0,36.0,15.0,5.0,31.0,543.0,162.0,157.0,762.0,135.0,100.0,151.0,86.0,871.0,210.0,50.0,226.0,223.0
579.0,49.0,347.0,86.0,1523.0,93.0,773.0,43.0,293.0,318.0,118.0,22.0,40.0,12.0,5.0,17.0,439.0,161.0,156.0,679.0,142.0,82.0,126.0,90.0,708.0,268.0,39.0,125.0,223.0
740.0,68.0,320.0,88.0,1607.0,84.0,817.0,45.0,281.0,352.0,125.0,20.0,35.0,11.0,4.0,19.0,495.0,174.0,162.0,743.0,162.0,111.0,142.0,81.0,873.0,177.0,46.0,62.0,150.0
466.0,40.0,234.0,71.0,1339.0,60.0,684.0,36.0,252.0,298.0,109.0,18.0,30.0,11.0,4.0,12.0,490.0,136.0,110.0,676.0,125.0,72.0,99.0,56.0,657.0,147.0,42.0,61.0,124.0
399.0,24.0,273.0,77.0,1114.0,71.0,600.0,58.0,226.0,270.0,103.0,23.0,29.0,14.0,6.0,23.0,477.0,137.0,140.0,870.0,203.0,73.0,110.0,60.0,730.0,96.0,27.0,116.0,111.0
756.0,46.0,335.0,133.0,1469.0,110.0,642.0,52.0,254.0,352.0,128.0,31.0,47.0,36.0,7.0,27.0,533.0,171.0,176.0,995.0,172.0,103.0,180.0,94.0,984.0,100.0,59.0,94.0,107.0
403.0,44.0,219.0,62.0,1251.0,59.0,571.0,30.0,241.0,337.0,74.0,16.0,38.0,13.0,4.0,19.0,416.0,141.0,126.0,671.0,122.0,79.0,104.0,47.0,536.0,74.0,40.0,70.0,97.0
550.0,25.0,276.0,79.0,1512.0,74.0,716.0,41.0,284.0,336.0,78.0,25.0,41.0,14.0,5.0,14.0,386.0,135.0,166.0,644.0,130.0,74.0,116.0,64.0,715.0,82.0,31.0,73.0,114.0
907.0,9.0,404.0,93.0,1807.0,107.0,735.0,45.0,269.0,353.0,124.0,22.0,35.0,13.0,6.0,24.0,410.0,167.0,175.0,773.0,152.0,95.0,147.0,90.0,847.0,174.0,22.0,79.0,106.0
605.0,43.0,279.0,78.0,1758.0,99.0,770.0,38.0,296.0,344.0,90.0,19.0,44.0,14.0,4.0,15.0,352.0,147.0,158.0,701.0,149.0,63.0,120.0,77.0,727.0,99.0,43.0,182.0,111.0
690.0,30.0,347.0,67.0,1725.0,101.0,862.0,51.0,361.0,332.0,99.0,27.0,58.0,14.0,7.0,18.0,413.0,131.0,173.0,655.0,137.0,95.0,150.0,109.0,776.0,101.0,44.0,295.0,132.0
775.0,50.0,512.0,79.0,1769.0,108.0,761.0,43.0,300.0,362.0,100.0,24.0,51.0,13.0,6.0,20.0,421.0,157.0,183.0,803.0,187.0,92.0,171.0,111.0,871.0,145.0,37.0,217.0,140.0
559.0,50.0,360.0,86.0,1721.0,93.0,778.0,42.0,308.0,357.0,125.0,22.0,49.0,15.0,6.0,23.0,472.0,171.0,179.0,849.0,170.0,102.0,192.0,76.0,881.0,214.0,40.0,198.0,207.0
544.0,45.0,306.0,67.0,1728.0,93.0,774.0,44.0,331.0,358.0,117.0,22.0,54.0,14.0,5.0,23.0,418.0,154.0,149.0,707.0,169.0,89.0,136.0,98.0,814.0,291.0,41.0,125.0,224.0
872.0,55.0,424.0,65.0,1698.0,88.0,776.0,37.0,311.0,402.0,115.0,21.0,40.0,16.0,5.0,26.0,500.0,157.0,167.0,771.0,165.0,84.0,162.0,109.0,820.0,183.0,41.0,83.0,141.0
583.0,17.0,264.0,69.0,1543.0,64.0,669.0,41.0,306.0,337.0,118.0,16.0,42.0,13.0,5.0,19.0,449.0,156.0,129.0,772.0,163.0,68.0,119.0,58.0,824.0,134.0,33.0,63.0,138.0
479.0,24.0,281.0,60.0,1219.0,91.0,548.0,48.0,295.0,351.0,118.0,22.0,45.0,20.0,6.0,17.0,478.0,142.0,122.0,927.0,227.0,59.0,111.0,80.0,787.0,97.0,44.0,108.0,123.0
801.0,55.0,491.0,93.0,1464.0,106.0,672.0,47.0,328.0,427.0,113.0,34.0,46.0,18.0,7.0,31.0,578.0,159.0,198.0,1004.0,201.0,112.0,202.0,133.0,979.0,114.0,47.0,92.0,125.0
571.0,26.0,242.0,68.0,1407.0,89.0,648.0,35.0,259.0,405.0,84.0,22.0,45.0,13.0,6.0,16.0,406.0,117.0,132.0,677.0,135.0,65.0,115.0,69.0,716.0,90.0,32.0,77.0,99.0
717.0,30.0,289.0,51.0,1583.0,68.0,684.0,37.0,304.0,403.0,98.0,19.0,69.0,22.0,8.0,19.0,346.0,137.0,133.0,720.0,138.0,77.0,128.0,69.0,828.0,85.0,29.0,84.0,100.0
949.0,17.0,465.0,79.0,1846.0,82.0,779.0,45.0,303.0,446.0,122.0,29.0,75.0,36.0,9.0,24.0,394.0,154.0,167.0,748.0,165.0,88.0,157.0,86.0,978.0,142.0,35.0,83.0,104.0
756.0,20.0,384.0,79.0,1804.0,85.0,797.0,50.0,359.0,410.0,100.0,31.0,67.0,19.0,7.0,19.0,386.0,122.0,157.0,798.0,159.0,74.0,140.0,79.0,872.0,102.0,29.0,180.0,119.0
789.0,35.0,400.0,55.0,2017.0,93.0,827.0,43.0,402.0,414.0,90.0,25.0,93.0,21.0,9.0,17.0,389.0,138.0,142.0,744.0,186.0,78.0,125.0,66.0,884.0,116.0,45.0,324.0,129.0
791.0,24.0,404.0,63.0,1861.0,101.0,780.0,70.0,342.0,412.0,96.0,30.0,82.0,38.0,8.0,21.0,429.0,155.0,176.0,824.0,177.0,96.0,159.0,70.0,984.0,117.0,43.0,169.0,138.0
678.0,33.0,497.0,75.0,1782.0,96.0,837.0,53.0,346.0,421.0,117.0,35.0,84.0,27.0,13.0,20.0,559.0,186.0,164.0,929.0,190.0,108.0,161.0,72.0,935.0,189.0,48.0,202.0,236.0
653.0,34.0,405.0,56.0,1821.0,88.0,798.0,48.0,377.0,427.0,111.0,31.0,76.0,20.0,8.0,18.0,518.0,172.0,150.0,841.0,189.0,97.0,120.0,97.0,889.0,270.0,55.0,139.0,214.0
734.0,23.0,437.0,68.0,1765.0,81.0,746.0,51.0,306.0,422.0,88.0,30.0,90.0,30.0,10.0,19.0,506.0,171.0,159.0,760.0,184.0,103.0,122.0,101.0,942.0,200.0,30.0,93.0,155.0
534.0,34.0,225.0,74.0,1626.0,63.0,714.0,43.0,299.0,405.0,93.0,31.0,78.0,18.0,10.0,18.0,454.0,144.0,137.0,697.0,191.0,90.0,99.0,70.0,757.0,137.0,30.0,69.0,128.0
409.0,48.0,238.0,97.0,1364.0,86.0,559.0,48.0,251.0,379.0,110.0,38.0,72.0,34.0,14.0,17.0,540.0,134.0,146.0,901.0,268.0,82.0,115.0,69.0,836.0,107.0,47.0,108.0,112.0
804.0,83.0,473.0,88.0,1540.0,102.0,682.0,50.0,284.0,476.0,93.0,32.0,95.0,25.0,8.0,22.0,556.0,173.0,150.0,1047.0,205.0,109.0,171.0,106.0,1032.0,95.0,53.0,123.0,121.0
571.0,41.0,259.0,75.0,1460.0,84.0,653.0,49.0,246.0,390.0,78.0,26.0,69.0,20.0,8.0,17.0,375.0,149.0,133.0,732.0,129.0,106.0,131.0,74.0,766.0,71.0,35.0,74.0,98.0
647.0,21.0,304.0,93.0,1665.0,104.0,747.0,58.0,279.0,441.0,87.0,26.0,87.0,29.0,8.0,22.0,370.0,158.0,131.0,679.0,145.0,82.0,136.0,89.0,891.0,83.0,43.0,85.0,110.0
977.0,96.0,361.0,96.0,1841.0,95.0,697.0,56.0,244.0,479.0,90.0,29.0,80.0,79.0,12.0,23.0,406.0,147.0,156.0,799.0,148.0,103.0,150.0,84.0,973.0,154.0,45.0,78.0,113.0
700.0,56.0,392.0,109.0,1944.0,96.0,888.0,65.0,318.0,472.0,107.0,25.0,88.0,29.0,12.0,17.0,433.0,162.0,149.0,813.0,163.0,91.0,152.0,67.0,996.0,115.0,48.0,230.0,117.0
763.0,28.0,396.0,83.0,2014.0,108.0,891.0,79.0,319.0,450.0,87.0,35.0,99.0,29.0,19.0,17.0,401.0,148.0,159.0,788.0,155.0,90.0,156.0,86.0,885.0,101.0,60.0,357.0,136.0
853.0,104.0,506.0,106.0,1918.0,108.0,848.0,63.0,294.0,417.0,84.0,28.0,88.0,29.0,11.0,21.0,480.0,176.0,177.0,797.0,189.0,112.0,185.0,117.0,1097.0,115.0,61.0,230.0,143.0
642.0,33.0,441.0,114.0,1824.0,79.0,908.0,47.0,291.0,428.0,94.0,22.0,78.0,21.0,10.0,27.0,471.0,186.0,195.0,901.0,215.0,99.0,182.0,85.0,1004.0,173.0,89.0,201.0,218.0
637.0,52.0,346.0,80.0,1792.0,94.0,821.0,56.0,275.0,452.0,85.0,21.0,71.0,26.0,9.0,31.0,423.0,160.0,168.0,763.0,161.0,91.0,156.0,95.0,936.0,224.0,88.0,112.0,226.0
735.0,58.0,396.0,92.0,1866.0,119.0,852.0,50.0,291.0,435.0,84.0,39.0,78.0,18.0,6.0,21.0,492.0,176.0,159.0,762.0,171.0,100.0,181.0,122.0,1113.0,177.0,31.0,92.0,145.0
504.0,54.0,273.0,68.0,1818.0,82.0,782.0,60.0,254.0,414.0,79.0,14.0,58.0,21.0,5.0,18.0,497.0,147.0,127.0,752.0,142.0,84.0,111.0,88.0,960.0,136.0,36.0,74.0,133.0
392.0,42.0,267.0,66.0,1391.0,97.0,564.0,55.0,203.0,379.0,100.0,25.0,46.0,16.0,7.0,19.0,483.0,164.0,142.0,846.0,170.0,72.0,142.0,78.0,915.0,103.0,38.0,113.0,117.0
702.0,80.0,405.0,146.0,1593.0,100.0,762.0,55.0,286.0,419.0,100.0,23.0,56.0,20.0,8.0,28.0,511.0,181.0,182.0,1023.0,203.0,121.0,206.0,101.0,1118.0,123.0,58.0,123.0,128.0
456.0,31.0,243.0,59.0,1423.0,99.0,634.0,46.0,221.0,407.0,86.0,18.0,54.0,16.0,5.0,20.0,369.0,151.0,134.0,661.0,124.0,85.0,147.0,72.0,805.0,82.0,48.0,72.0,96.0
596.0,38.0,283.0,67.0,1725.0,88.0,745.0,53.0,241.0,430.0,82.0,24.0,53.0,12.0,10.0,19.0,326.0,145.0,169.0,641.0,142.0,76.0,161.0,85.0,925.0,96.0,52.0,80.0,99.0
818.0,65.0,327.0,74.0,1882.0,75.0,820.0,60.0,241.0,433.0,101.0,19.0,59.0,20.0,15.0,24.0,406.0,162.0,185.0,740.0,144.0,87.0,195.0,78.0,1140.0,146.0,55.0,86.0,113.0
794.0,13.0,341.0,79.0,1914.0,74.0,792.0,47.0,298.0,414.0,87.0,27.0,63.0,22.0,7.0,27.0,368.0,154.0,156.0,797.0,141.0,74.0,174.0,81.0,978.0,104.0,63.0,223.0,122.0
637.0,54.0,330.0,80.0,2015.0,73.0,805.0,43.0,321.0,430.0,81.0,31.0,78.0,15.0,7.0,22.0,368.0,151.0,170.0,720.0,143.0,80.0,168.0,60.0,818.0,111.0,70.0,327.0,134.0
753.0,65.0,383.0,107.0,1868.0,85.0,780.0,52.0,289.0,413.0,87.0,26.0,78.0,20.0,7.0,26.0,468.0,178.0,194.0,738.0,168.0,92.0,188.0,87.0,1053.0,115.0,77.0,280.0,142.0
518.0,22.0,379.0,80.0,1894.0,104.0,835.0,40.0,285.0,410.0,105.0,20.0,65.0,20.0,5.0,34.0,537.0,198.0,186.0,872.0,153.0,106.0,248.0,94.0,1051.0,183.0,100.0,211.0,222.0
526.0,37.0,259.0,58.0,1861.0,78.0,786.0,37.0,289.0,412.0,105.0,23.0,65.0,15.0,5.0,30.0,439.0,168.0,164.0,799.0,125.0,76.0,164.0,105.0,982.0,231.0,104.0,102.0,204.0
696.0,39.0,401.0,82.0,1921.0,83.0,825.0,43.0,288.0,400.0,112.0,27.0,68.0,21.0,9.0,24.0,445.0,189.0,177.0,787.0,163.0,78.0,192.0,98.0,1127.0,183.0,34.0,86.0,141.0
461.0,47.0,168.0,98.0,1695.0,60.0,696.0,36.0,263.0,420.0,101.0,19.0,61.0,15.0,6.0,24.0,428.0,156.0,137.0,723.0,135.0,58.0,104.0,87.0,941.0,156.0,26.0,69.0,112.0
400.0,69.0,246.0,74.0,1426.0,79.0,527.0,37.0,205.0,393.0,93.0,20.0,45.0,15.0,6.0,27.0,472.0,142.0,149.0,920.0,155.0,62.0,136.0,73.0,935.0,100.0,36.0,102.0,119.0
713.0,26.0,418.0,119.0,1571.0,93.0,684.0,47.0,242.0,381.0,98.0,28.0,66.0,25.0,19.0,37.0,504.0,157.0,210.0,1008.0,163.0,99.0,217.0,104.0,1166.0,120.0,51.0,98.0,116.0
456.0,11.0,201.0,80.0,1449.0,101.0,627.0,39.0,236.0,393.0,77.0,22.0,61.0,13.0,9.0,30.0,352.0,135.0,146.0,657.0,125.0,67.0,140.0,76.0,912.0,89.0,27.0,67.0,86.0
433.0,71.0,229.0,69.0,1626.0,100.0,656.0,41.0,248.0,389.0,104.0,22.0,50.0,13.0,6.0,22.0,349.0,130.0,135.0,599.0,140.0,64.0,135.0,74.0,869.0,95.0,20.0,74.0,100.0
787.0,75.0,459.0,104.0,1691.0,100.0,714.0,40.0,249.0,359.0,132.0,17.0,47.0,32.0,5.0,32.0,455.0,158.0,167.0,745.0,147.0,75.0,175.0,94.0,1030.0,129.0,21.0,79.0,114.0
596.0,28.0,267.0,82.0,1743.0,65.0,662.0,34.0,264.0,391.0,100.0,19.0,57.0,14.0,6.0,22.0,359.0,150.0,145.0,707.0,128.0,56.0,135.0,68.0,838.0,122.0,21.0,195.0,108.0
605.0,11.0,251.0,92.0,1902.0,76.0,706.0,34.0,322.0,346.0,122.0,20.0,84.0,19.0,9.0,26.0,386.0,153.0,172.0,747.0,149.0,69.0,139.0,66.0,955.0,100.0,25.0,280.0,133.0
622.0,20.0,396.0,88.0,1693.0,93.0,634.0,36.0,301.0,324.0,96.0,22.0,65.0,15.0,9.0,26.0,471.0,135.0,170.0,753.0,181.0,74.0,164.0,83.0,950.0,111.0,21.0,198.0,139.0
559.0,41.0,314.0,74.0,1778.0,108.0,599.0,53.0,300.0,356.0,123.0,32.0,61.0,16.0,12.0,28.0,504.0,144.0,177.0,858.0,179.0,69.0,177.0,82.0,960.0,221.0,33.0,199.0,242.0
452.0,44.0,242.0,74.0,1644.0,84.0,650.0,47.0,250.0,292.0,106.0,19.0,57.0,22.0,7.0,26.0,402.0,158.0,155.0,711.0,167.0,73.0,155.0,97.0,883.0,224.0,27.0,121.0,213.0
706.0,21.0,397.0,105.0,1535.0,108.0,630.0,42.0,240.0,283.0,115.0,28.0,57.0,19.0,10.0,35.0,499.0,177.0,176.0,711.0,171.0,97.0,138.0,93.0,1005.0,159.0,25.0,78.0,136.0
401.0,32.0,196.0,95.0,1274.0,93.0,529.0,29.0,241.0,286.0,115.0,14.0,41.0,19.0,5.0,30.0,525.0,138.0,136.0,653.0,142.0,67.0,113.0,69.0,906.0,104.0,16.0,57.0,105.0
429.0,32.0,199.0,81.0,1058.0,71.0,406.0,38.0,219.0,233.0,139.0,14.0,47.0,24.0,6.0,35.0,525.0,138.0,170.0,814.0,188.0,83.0,113.0,56.0,1029.0,91.0,27.0,92.0,110.0
652.0,62.0,280.0,111.0,1137.0,101.0,444.0,34.0,199.0,242.0,154.0,27.0,48.0,31.0,7.0,41.0,629.0,176.0,197.0,891.0,191.0,99.0,201.0,104.0,1007.0,99.0,23.0,93.0,121.0
457.0,42.0,215.0,55.0,1043.0,90.0,408.0,27.0,184.0,232.0,111.0,17.0,54.0,17.0,5.0,28.0,394.0,143.0,134.0,524.0,128.0,63.0,123.0,58.0,801.0,55.0,12.0,64.0,84.0
556.0,47.0,164.0,91.0,1114.0,64.0,436.0,23.0,194.0,210.0,126.0,18.0,33.0,21.0,9.0,32.0,389.0,130.0,146.0,495.0,163.0,72.0,129.0,75.0,718.0,64.0,17.0,61.0,91.0
791.0,46.0,288.0,103.0,1191.0,78.0,411.0,38.0,140.0,181.0,130.0,14.0,21.0,14.0,5.0,31.0,442.0,121.0,148.0,621.0,146.0,82.0,120.0,87.0,918.0,110.0,18.0,62.0,112.0
583.0,33.0,283.0,72.0,1334.0,72.0,501.0,31.0,178.0,195.0,87.0,15.0,28.0,12.0,4.0,27.0,331.0,133.0,143.0,555.0,124.0,76.0,113.0,63.0,692.0,68.0,81.0,179.0,101.0
513.0,47.0,279.0,72.0,1327.0,71.0,568.0,44.0,203.0,179.0,79.0,16.0,38.0,12.0,6.0,21.0,321.0,128.0,121.0,508.0,127.0,66.0,111.0,58.0,696.0,96.0,77.0,282.0,118.0
608.0,14.0,331.0,85.0,1252.0,80.0,570.0,46.0,241.0,203.0,75.0,16.0,35.0,11.0,6.0,25.0,427.0,150.0,145.0,564.0,175.0,98.0,129.0,86.0,771.0,84.0,27.0,263.0,130.0
550.0,39.0,244.0,96.0,1203.0,72.0,548.0,43.0,192.0,207.0,86.0,16.0,29.0,13.0,5.0,22.0,379.0,148.0,133.0,618.0,137.0,74.0,126.0,89.0,725.0,163.0,35.0,148.0,248.0
586.0,30.0,303.0,88.0,1264.0,59.0,630.0,40.0,188.0,200.0,82.0,12.0,31.0,10.0,6.0,21.0,388.0,141.0,133.0,597.0,152.0,54.0,89.0,71.0,671.0,139.0,28.0,137.0,196.0
650.0,37.0,269.0,77.0,1185.0,77.0,607.0,37.0,215.0,213.0,84.0,13.0,26.0,9.0,4.0,24.0,409.0,152.0,129.0,549.0,142.0,77.0,127.0,89.0,719.0,175.0,30.0,50.0,141.0
368.0,20.0,217.0,58.0,1119.0,58.0,686.0,35.0,208.0,223.0,70.0,16.0,26.0,8.0,3.0,17.0,347.0,115.0,121.0,487.0,140.0,70.0,58.0,48.0,689.0,131.0,29.0,54.0,105.0
443.0,42.0,164.0,57.0,835.0,69.0,470.0,42.0,176.0,206.0,130.0,15.0,26.0,9.0,4.0,26.0,441.0,100.0,117.0,626.0,269.0,80.0,96.0,70.0,758.0,79.0,35.0,111.0,104.0
638.0,93.0,265.0,108.0,984.0,85.0,535.0,43.0,184.0,232.0,94.0,18.0,26.0,15.0,7.0,24.0,468.0,101.0,147.0,707.0,139.0,85.0,149.0,74.0,864.0,88.0,25.0,100.0,116.0
526.0,33.0,167.0,78.0,878.0,72.0,460.0,42.0,160.0,227.0,70.0,15.0,22.0,7.0,3.0,15.0,303.0,106.0,117.0,464.0,92.0,46.0,90.0,55.0,648.0,40.0,25.0,67.0,88.0
594.0,35.0,193.0,68.0,1233.0,70.0,636.0,56.0,188.0,219.0,65.0,15.0,27.0,7.0,4.0,15.0,304.0,113.0,114.0,503.0,96.0,68.0,110.0,44.0,678.0,80.0,29.0,67.0,97.0
802.0,35.0,357.0,87.0,1375.0,73.0,505.0,28.0,198.0,234.0,75.0,15.0,25.0,8.0,3.0,17.0,326.0,111.0,121.0,537.0,101.0,48.0,134.0,65.0,789.0,104.0,40.0,69.0,106.0
583.0,26.0,189.0,87.0,1426.0,94.0,562.0,34.0,213.0,241.0,61.0,18.0,33.0,8.0,4.0,17.0,300.0,96.0,110.0,537.0,107.0,51.0,107.0,68.0,756.0,86.0,55.0,187.0,110.0
626.0,20.0,241.0,77.0,1521.0,100.0,652.0,43.0,244.0,229.0,76.0,22.0,44.0,9.0,7.0,16.0,251.0,108.0,103.0,559.0,139.0,53.0,133.0,53.0,772.0,98.0,279.0,332.0,129.0
709.0,44.0,278.0,96.0,1455.0,85.0,545.0,32.0,215.0,262.0,76.0,19.0,46.0,8.0,5.0,18.0,355.0,114.0,140.0,584.0,141.0,67.0,127.0,72.0,813.0,118.0,185.0,243.0,128.0
582.0,35.0,347.0,79.0,1397.0,93.0,638.0,34.0,237.0,254.0,95.0,15.0,35.0,9.0,5.0,22.0,368.0,158.0,114.0,628.0,118.0,62.0,117.0,64.0,884.0,157.0,156.0,228.0,197.0
593.0,17.0,268.0,93.0,1311.0,72.0,596.0,29.0,232.0,262.0,89.0,17.0,30.0,7.0,4.0,17.0,339.0,123.0,126.0,540.0,118.0,65.0,108.0,51.0,758.0,185.0,117.0,154.0,188.0
638.0,41.0,288.0,65.0,1337.0,72.0,633.0,38.0,231.0,293.0,74.0,14.0,31.0,7.0,4.0,17.0,370.0,142.0,107.0,522.0,124.0,68.0,127.0,53.0,768.0,162.0,40.0,59.0,120.0
427.0,64.0,151.0,65.0,1209.0,59.0,661.0,27.0,213.0,263.0,85.0,12.0,29.0,6.0,3.0,17.0,350.0,118.0,102.0,531.0,116.0,62.0,77.0,51.0,711.0,121.0,23.0,60.0,107.0
499.0,45.0,179.0,49.0,923.0,83.0,465.0,41.0,169.0,227.0,113.0,14.0,19.0,11.0,4.0,24.0,475.0,98.0,108.0,562.0,194.0,77.0,109.0,55.0,939.0,71.0,28.0,116.0,115.0
591.0,101.0,258.0,93.0,1071.0,98.0,502.0,53.0,196.0,257.0,109.0,19.0,32.0,8.0,5.0,21.0,388.0,118.0,155.0,755.0,188.0,79.0,116.0,84.0,964.0,93.0,32.0,115.0,100.0
484.0,55.0,179.0,76.0,1103.0,55.0,511.0,37.0,184.0,261.0,76.0,15.0,29.0,5.0,3.0,16.0,267.0,90.0,111.0,491.0,94.0,48.0,83.0,45.0,725.0,44.0,19.0,63.0,79.0
527.0,35.0,192.0,58.0,1406.0,76.0,558.0,41.0,203.0,291.0,80.0,20.0,25.0,7.0,4.0,11.0,288.0,101.0,108.0,482.0,106.0,56.0,93.0,48.0,805.0,92.0,20.0,65.0,88.0
778.0,61.0,273.0,84.0,1582.0,70.0,548.0,31.0,180.0,295.0,78.0,13.0,25.0,5.0,4.0,18.0,344.0,115.0,100.0,518.0,105.0,65.0,93.0,49.0,929.0,102.0,27.0,77.0,96.0
707.0,52.0,289.0,71.0,1472.0,64.0,642.0,37.0,218.0,281.0,89.0,16.0,33.0,7.0,4.0,18.0,324.0,117.0,127.0,583.0,96.0,56.0,89.0,40.0,923.0,111.0,24.0,236.0,106.0
709.0,45.0,245.0,78.0,1554.0,80.0,636.0,37.0,266.0,290.0,83.0,18.0,43.0,11.0,5.0,18.0,343.0,105.0,115.0,547.0,129.0,59.0,107.0,62.0,819.0,81.0,33.0,237.0,134.0
743.0,54.0,298.0,99.0,1403.0,70.0,603.0,38.0,216.0,310.0,73.0,20.0,39.0,9.0,5.0,20.0,336.0,116.0,113.0,568.0,153.0,68.0,110.0,55.0,900.0,102.0,26.0,283.0,133.0
599.0,44.0,322.0,100.0,1482.0,59.0,651.0,30.0,247.0,293.0,93.0,17.0,35.0,10.0,4.0,25.0,368.0,136.0,121.0,657.0,143.0,70.0,103.0,78.0,947.0,183.0,41.0,216.0,193.0
600.0,30.0,306.0,80.0,1538.0,66.0,647.0,39.0,241.0,335.0,92.0,15.0,34.0,9.0,5.0,24.0,349.0,109.0,119.0,571.0,125.0,65.0,100.0,57.0,898.0,264.0,39.0,122.0,185.0
634.0,68.0,341.0,88.0,1547.0,82.0,649.0,33.0,238.0,337.0,100.0,15.0,32.0,7.0,3.0,24.0,345.0,123.0,139.0,532.0,140.0,58.0,93.0,79.0,929.0,165.0,27.0,59.0,130.0
455.0,27.0,201.0,67.0,1324.0,57.0,616.0,30.0,235.0,293.0,86.0,14.0,26.0,11.0,3.0,18.0,327.0,98.0,102.0,515.0,117.0,54.0,79.0,52.0,846.0,181.0,29.0,67.0,94.0
438.0,30.0,213.0,75.0,968.0,61.0,456.0,37.0,182.0,265.0,129.0,19.0,19.0,9.0,5.0,28.0,348.0,95.0,114.0,564.0,219.0,70.0,109.0,47.0,840.0,93.0,29.0,113.0,137.0
669.0,63.0,314.0,110.0,1226.0,119.0,566.0,54.0,218.0,287.0,102.0,25.0,37.0,9.0,4.0,35.0,379.0,109.0,151.0,744.0,179.0,81.0,136.0,65.0,955.0,110.0,29.0,108.0,117.0
486.0,36.0,217.0,73.0,1241.0,66.0,518.0,31.0,195.0,289.0,87.0,18.0,29.0,5.0,3.0,26.0,284.0,98.0,89.0,496.0,106.0,54.0,76.0,62.0,829.0,77.0,24.0,69.0,97.0
594.0,11.0,256.0,74.0,1451.0,95.0,557.0,43.0,199.0,309.0,74.0,20.0,27.0,5.0,4.0,29.0,267.0,87.0,124.0,465.0,129.0,60.0,94.0,45.0,801.0,108.0,22.0,72.0,106.0
849.0,46.0,324.0,83.0,1433.0,65.0,637.0,45.0,199.0,294.0,91.0,17.0,29.0,8.0,4.0,30.0,269.0,104.0,120.0,546.0,159.0,63.0,140.0,71.0,934.0,158.0,27.0,88.0,98.0
793.0,40.0,280.0,84.0,1618.0,67.0,640.0,48.0,217.0,285.0,116.0,21.0,36.0,11.0,4.0,30.0,305.0,105.0,113.0,584.0,121.0,64.0,114.0,50.0,989.0,116.0,29.0,243.0,121.0
740.0,32.0,315.0,89.0,1551.0,93.0,714.0,49.0,235.0,282.0,83.0,22.0,48.0,12.0,7.0,26.0,308.0,107.0,117.0,581.0,159.0,65.0,126.0,59.0,844.0,86.0,28.0,295.0,139.0
795.0,40.0,344.0,101.0,1375.0,97.0,629.0,48.0,227.0,291.0,77.0,22.0,44.0,11.0,4.0,31.0,376.0,104.0,143.0,591.0,141.0,59.0,112.0,70.0,813.0,98.0,32.0,214.0,144.0
626.0,51.0,372.0,99.0,1472.0,85.0,667.0,52.0,228.0,292.0,88.0,21.0,34.0,14.0,4.0,34.0,353.0,111.0,152.0,701.0,168.0,89.0,135.0,83.0,872.0,172.0,38.0,203.0,227.0
663.0,45.0,303.0,78.0,1339.0,75.0,711.0,43.0,202.0,305.0,81.0,23.0,35.0,9.0,5.0,30.0,357.0,93.0,129.0,576.0,136.0,69.0,115.0,66.0,831.0,202.0,39.0,94.0,183.0
726.0,29.0,292.0,90.0,1416.0,74.0,715.0,41.0,219.0,303.0,82.0,15.0,31.0,9.0,4.0,39.0,320.0,101.0,153.0,557.0,151.0,67.0,126.0,70.0,832.0,164.0,33.0,77.0,140.0
502.0,46.0,174.0,58.0,1306.0,57.0,719.0,45.0,246.0,281.0,81.0,16.0,29.0,6.0,3.0,24.0,391.0,102.0,101.0,490.0,140.0,51.0,104.0,60.0,808.0,133.0,32.0,58.0,112.0
438.0,42.0,166.0,84.0,1003.0,78.0,562.0,55.0,181.0,291.0,136.0,20.0,21.0,13.0,4.0,30.0,319.0,76.0,110.0,653.0,182.0,64.0,97.0,55.0,844.0,103.0,35.0,94.0,127.0
785.0,76.0,367.0,114.0,1191.0,122.0,530.0,64.0,217.0,287.0,115.0,31.0,32.0,8.0,7.0,35.0,370.0,87.0,140.0,836.0,221.0,92.0,166.0,88.0,932.0,91.0,40.0,108.0,118.0
506.0,33.0,276.0,74.0,1164.0,67.0,569.0,40.0,190.0,309.0,67.0,18.0,28.0,7.0,4.0,27.0,282.0,78.0,97.0,533.0,122.0,47.0,102.0,61.0,654.0,62.0,24.0,60.0,100.0
575.0,28.0,252.0,81.0,1290.0,66.0,615.0,43.0,218.0,338.0,74.0,27.0,31.0,8.0,5.0,28.0,288.0,74.0,104.0,482.0,135.0,45.0,111.0,45.0,721.0,88.0,25.0,59.0,111.0
751.0,33.0,327.0,112.0,1529.0,72.0,680.0,41.0,193.0,309.0,82.0,21.0,32.0,6.0,4.0,29.0,283.0,92.0,112.0,583.0,130.0,72.0,133.0,56.0,932.0,148.0,23.0,76.0,107.0
776.0,50.0,265.0,104.0,1717.0,76.0,668.0,44.0,216.0,307.0,78.0,28.0,37.0,11.0,5.0,23.0,279.0,108.0,105.0,596.0,139.0,65.0,136.0,65.0,908.0,110.0,35.0,192.0,119.0
578.0,43.0,256.0,97.0,1703.0,84.0,746.0,41.0,248.0,289.0,74.0,26.0,43.0,13.0,7.0,26.0,289.0,99.0,104.0,549.0,129.0,88.0,116.0,70.0,912.0,88.0,29.0,352.0,107.0
652.0,29.0,355.0,124.0,1474.0,77.0,738.0,49.0,249.0,284.0,75.0,23.0,41.0,10.0,5.0,33.0,316.0,98.0,143.0,601.0,176.0,92.0,141.0,71.0,899.0,109.0,29.0,211.0,134.0
689.0,65.0,375.0,108.0,1544.0,77.0,730.0,55.0,233.0,329.0,88.0,21.0,38.0,11.0,5.0,27.0,311.0,134.0,123.0,751.0,164.0,119.0,168.0,83.0,1072.0,178.0,40.0,180.0,191.0
552.0,36.0,279.0,95.0,1476.0,70.0,801.0,43.0,253.0,307.0,82.0,21.0,35.0,9.0,4.0,28.0,292.0,103.0,118.0,642.0,137.0,86.0,131.0,84.0,941.0,269.0,35.0,106.0,187.0
680.0,35.0,336.0,83.0,1446.0,62.0,763.0,35.0,225.0,331.0,98.0,16.0,29.0,8.0,4.0,30.0,365.0,88.0,155.0,630.0,147.0,70.0,122.0,69.0,848.0,153.0,42.0,79.0,123.0
431.0,35.0,201.0,77.0,1299.0,52.0,746.0,40.0,228.0,314.0,82.0,17.0,26.0,7.0,4.0,20.0,289.0,100.0,96.0,633.0,133.0,56.0,96.0,55.0,814.0,146.0,21.0,61.0,107.0
359.0,38.0,248.0,75.0,1027.0,75.0,589.0,45.0,207.0,280.0,89.0,22.0,22.0,10.0,5.0,35.0,339.0,87.0,85.0,698.0,189.0,77.0,107.0,51.0,940.0,94.0,31.0,116.0,114.0
740.0,66.0,298.0,93.0,1288.0,93.0,597.0,47.0,228.0,299.0,149.0,27.0,29.0,8.0,5.0,33.0,270.0,101.0,128.0,891.0,275.0,113.0,126.0,68.0,1034.0,104.0,34.0,103.0,125.0
419.0,38.0,202.0,92.0,1307.0,74.0,591.0,43.0,197.0,342.0,82.0,16.0,24.0,6.0,4.0,29.0,215.0,80.0,96.0,598.0,128.0,78.0,88.0,46.0,804.0,71.0,25.0,64.0,95.0
480.0,34.0,227.0,76.0,1482.0,95.0,693.0,35.0,241.0,349.0,74.0,21.0,29.0,6.0,4.0,32.0,208.0,102.0,103.0,611.0,154.0,81.0,121.0,52.0,866.0,98.0,24.0,70.0,109.0
873.0,41.0,321.0,89.0,1752.0,105.0,681.0,38.0,233.0,373.0,91.0,21.0,29.0,7.0,5.0,29.0,237.0,97.0,131.0,705.0,144.0,82.0,118.0,63.0,999.0,159.0,23.0,66.0,110.0
614.0,33.0,297.0,80.0,1827.0,115.0,821.0,56.0,273.0,372.0,93.0,22.0,37.0,10.0,4.0,31.0,272.0,99.0,140.0,722.0,136.0,73.0,105.0,76.0,939.0,110.0,27.0,217.0,119.0
624.0,52.0,324.0,79.0,1942.0,101.0,780.0,41.0,306.0,366.0,87.0,28.0,47.0,12.0,6.0,26.0,242.0,112.0,147.0,689.0,147.0,74.0,116.0,58.0,958.0,102.0,30.0,248.0,134.0
761.0,52.0,446.0,87.0,1816.0,91.0,698.0,37.0,276.0,376.0,91.0,23.0,41.0,11.0,4.0,27.0,300.0,112.0,166.0,748.0,173.0,105.0,128.0,66.0,998.0,115.0,23.0,189.0,139.0
545.0,67.0,377.0,105.0,1694.0,101.0,769.0,41.0,289.0,435.0,92.0,20.0,37.0,11.0,5.0,30.0,339.0,118.0,168.0,778.0,167.0,73.0,163.0,69.0,1094.0,232.0,28.0,228.0,203.0
603.0,34.0,357.0,111.0,1704.0,126.0,790.0,44.0,328.0,371.0,98.0,23.0,37.0,11.0,5.0,30.0,271.0,124.0,139.0,697.0,161.0,82.0,132.0,53.0,1056.0,277.0,33.0,94.0,214.0
787.0,59.0,376.0,81.0,1807.0,92.0,808.0,40.0,307.0,439.0,106.0,20.0,32.0,9.0,4.0,32.0,325.0,119.0,165.0,704.0,174.0,88.0,112.0,58.0,1094.0,187.0,31.0,79.0,139.0
608.0,39.0,285.0,76.0,1501.0,70.0,771.0,29.0,291.0,387.0,101.0,21.0,29.0,8.0,7.0,26.0,317.0,90.0,133.0,665.0,136.0,73.0,119.0,65.0,809.0,161.0,25.0,55.0,120.0
420.0,28.0,246.0,93.0,1235.0,130.0,625.0,53.0,253.0,381.0,122.0,31.0,30.0,9.0,8.0,33.0,414.0,94.0,125.0,792.0,187.0,69.0,152.0,44.0,933.0,109.0,27.0,97.0,148.0
911.0,57.0,408.0,110.0,1441.0,110.0,653.0,53.0,245.0,443.0,146.0,27.0,34.0,13.0,8.0,48.0,365.0,102.0,152.0,1021.0,278.0,95.0,132.0,85.0,1118.0,132.0,35.0,99.0,134.0
624.0,36.0,344.0,89.0,1355.0,71.0,588.0,47.0,243.0,460.0,78.0,20.0,30.0,8.0,4.0,39.0,240.0,85.0,117.0,571.0,119.0,68.0,80.0,43.0,893.0,82.0,21.0,72.0,103.0
700.0,52.0,320.0,62.0,1567.0,76.0,671.0,48.0,276.0,442.0,97.0,22.0,36.0,9.0,4.0,40.0,306.0,98.0,146.0,659.0,157.0,78.0,121.0,42.0,959.0,116.0,27.0,83.0,117.0
819.0,98.0,357.0,75.0,1794.0,84.0,694.0,40.0,247.0,474.0,91.0,24.0,33.0,6.0,4.0,41.0,271.0,105.0,135.0,693.0,167.0,81.0,145.0,75.0,1086.0,148.0,23.0,79.0,119.0
712.0,47.0,360.0,83.0,1898.0,109.0,742.0,47.0,295.0,463.0,81.0,23.0,41.0,10.0,5.0,39.0,264.0,106.0,118.0,736.0,163.0,76.0,120.0,66.0,1042.0,101.0,42.0,218.0,122.0
696.0,75.0,354.0,92.0,1877.0,114.0,824.0,48.0,320.0,408.0,74.0,29.0,57.0,15.0,6.0,24.0,307.0,116.0,156.0,711.0,154.0,82.0,129.0,55.0,992.0,109.0,31.0,337.0,159.0
733.0,55.0,432.0,114.0,1762.0,97.0,756.0,46.0,292.0,439.0,73.0,24.0,55.0,12.0,5.0,36.0,296.0,98.0,165.0,756.0,190.0,90.0,119.0,60.0,988.0,103.0,31.0,206.0,155.0
633.0,75.0,467.0,101.0,1736.0,106.0,783.0,48.0,313.0,442.0,89.0,24.0,51.0,16.0,6.0,43.0,343.0,131.0,144.0,860.0,191.0,88.0,161.0,64.0,1089.0,225.0,36.0,229.0,232.0
583.0,53.0,326.0,97.0,1744.0,92.0,799.0,34.0,300.0,437.0,102.0,22.0,44.0,9.0,4.0,35.0,328.0,112.0,137.0,727.0,179.0,78.0,111.0,68.0,1065.0,244.0,37.0,139.0,195.0
855.0,58.0,343.0,96.0,1751.0,80.0,818.0,39.0,305.0,467.0,81.0,18.0,39.0,10.0,5.0,37.0,309.0,133.0,137.0,694.0,184.0,85.0,121.0,71.0,1034.0,228.0,37.0,94.0,167.0
618.0,58.0,279.0,83.0,1559.0,84.0,800.0,39.0,308.0,439.0,107.0,20.0,43.0,11.0,4.0,30.0,299.0,104.0,110.0,694.0,143.0,69.0,111.0,58.0,995.0,149.0,30.0,73.0,122.0
572.0,47.0,315.0,85.0,1231.0,87.0,686.0,47.0,286.0,420.0,116.0,24.0,34.0,13.0,10.0,40.0,317.0,88.0,109.0,790.0,206.0,59.0,130.0,58.0,1173.0,135.0,30.0,133.0,139.0
882.0,113.0,395.0,119.0,1416.0,122.0,633.0,55.0,238.0,433.0,161.0,27.0,45.0,26.0,8.0,49.0,318.0,102.0,147.0,967.0,310.0,104.0,157.0,76.0,1285.0,125.0,44.0,133.0,123.0
535.0,49.0,276.0,92.0,1560.0,86.0,600.0,34.0,241.0,415.0,76.0,17.0,36.0,12.0,8.0,42.0,275.0,102.0,118.0,645.0,127.0,66.0,131.0,54.0,948.0,72.0,26.0,81.0,102.0
648.0,54.0,325.0,82.0,1668.0,80.0,672.0,45.0,258.0,434.0,100.0,19.0,35.0,10.0,5.0,46.0,286.0,102.0,149.0,623.0,146.0,61.0,111.0,71.0,1002.0,111.0,26.0,82.0,118.0
864.0,40.0,439.0,95.0,1755.0,98.0,681.0,69.0,259.0,467.0,102.0,28.0,34.0,8.0,4.0,34.0,318.0,110.0,157.0,678.0,160.0,93.0,123.0,77.0,1101.0,121.0,28.0,89.0,120.0
719.0,41.0,391.0,99.0,1900.0,72.0,746.0,43.0,309.0,466.0,103.0,22.0,46.0,11.0,4.0,28.0,322.0,114.0,126.0,702.0,157.0,73.0,118.0,60.0,1159.0,117.0,30.0,240.0,139.0
699.0,41.0,377.0,82.0,1987.0,76.0,790.0,44.0,342.0,462.0,98.0,22.0,57.0,14.0,6.0,29.0,256.0,106.0,143.0,669.0,186.0,75.0,122.0,65.0,1032.0,117.0,30.0,402.0,163.0
801.0,56.0,400.0,90.0,1841.0,82.0,762.0,46.0,319.0,478.0,72.0,20.0,52.0,9.0,12.0,27.0,335.0,108.0,140.0,757.0,186.0,87.0,107.0,64.0,1153.0,129.0,28.0,156.0,169.0
614.0,63.0,413.0,98.0,1868.0,81.0,769.0,49.0,330.0,488.0,98.0,22.0,53.0,14.0,7.0,34.0,379.0,149.0,178.0,814.0,195.0,80.0,164.0,64.0,1171.0,274.0,34.0,252.0,261.0
521.0,50.0,386.0,92.0,1761.0,69.0,791.0,50.0,306.0,447.0,98.0,22.0,47.0,10.0,6.0,29.0,294.0,131.0,122.0,740.0,201.0,77.0,110.0,55.0,1035.0,251.0,33.0,120.0,238.0
877.0,68.0,429.0,95.0,1722.0,74.0,822.0,49.0,311.0,474.0,100.0,19.0,41.0,10.0,5.0,31.0,347.0,138.0,128.0,720.0,195.0,74.0,131.0,67.0,1063.0,216.0,39.0,91.0,170.0
579.0,35.0,249.0,86.0,1558.0,60.0,761.0,40.0,349.0,472.0,89.0,27.0,39.0,7.0,5.0,24.0,315.0,109.0,101.0,646.0,181.0,66.0,97.0,42.0,986.0,147.0,31.0,72.0,139.0
576.0,76.0,289.0,88.0,1246.0,70.0,593.0,58.0,263.0,448.0,105.0,24.0,31.0,9.0,7.0,21.0,477.0,112.0,106.0,672.0,205.0,73.0,97.0,53.0,1071.0,147.0,22.0,99.0,139.0
1025.0,106.0,512.0,96.0,1575.0,77.0,610.0,84.0,280.0,474.0,183.0,29.0,47.0,16.0,9.0,36.0,412.0,124.0,159.0,844.0,379.0,96.0,152.0,78.0,1205.0,116.0,46.0,116.0,138.0
520.0,63.0,288.0,90.0,1495.0,64.0,552.0,39.0,270.0,496.0,87.0,21.0,36.0,10.0,4.0,29.0,264.0,104.0,119.0,655.0,134.0,79.0,105.0,54.0,884.0,77.0,27.0,89.0,106.0
682.0,53.0,345.0,97.0,1675.0,68.0,596.0,50.0,311.0,491.0,116.0,20.0,37.0,11.0,6.0,22.0,331.0,143.0,138.0,680.0,168.0,70.0,128.0,67.0,941.0,100.0,30.0,79.0,123.0
990.0,42.0,406.0,97.0,1731.0,72.0,632.0,59.0,287.0,507.0,90.0,23.0,34.0,7.0,7.0,19.0,355.0,150.0,131.0,657.0,156.0,77.0,131.0,78.0,1009.0,136.0,33.0,86.0,117.0
867.0,73.0,307.0,88.0,1899.0,76.0,799.0,35.0,346.0,461.0,96.0,24.0,48.0,12.0,5.0,30.0,358.0,155.0,116.0,745.0,159.0,77.0,138.0,76.0,1087.0,110.0,23.0,200.0,156.0
868.0,47.0,396.0,93.0,1941.0,76.0,897.0,44.0,387.0,444.0,91.0,23.0,60.0,15.0,5.0,24.0,324.0,143.0,140.0,712.0,184.0,84.0,134.0,72.0,1204.0,137.0,32.0,320.0,154.0
907.0,38.0,502.0,86.0,1856.0,86.0,829.0,48.0,359.0,471.0,83.0,25.0,62.0,13.0,5.0,29.0,394.0,139.0,149.0,709.0,188.0,90.0,129.0,78.0,1157.0,176.0,30.0,224.0,152.0
742.0,48.0,443.0,102.0,1830.0,91.0,907.0,41.0,362.0,491.0,118.0,41.0,56.0,17.0,7.0,28.0,400.0,163.0,167.0,782.0,197.0,93.0,176.0,85.0,1191.0,258.0,38.0,259.0,270.0
534.0,41.0,378.0,63.0,1764.0,69.0,861.0,35.0,338.0,492.0,110.0,30.0,53.0,11.0,5.0,25.0,396.0,151.0,128.0,677.0,176.0,101.0,113.0,60.0,1148.0,308.0,36.0,113.0,246.0
778.0,28.0,413.0,68.0,1822.0,77.0,913.0,69.0,371.0,502.0,127.0,27.0,46.0,10.0,5.0,33.0,412.0,157.0,149.0,683.0,166.0,84.0,151.0,73.0,1152.0,236.0,39.0,96.0,145.0
495.0,35.0,176.0,74.0,1561.0,61.0,855.0,43.0,397.0,462.0,114.0,22.0,40.0,9.0,5.0,24.0,318.0,138.0,105.0,676.0,184.0,69.0,112.0,40.0,992.0,187.0,35.0,76.0,137.0
509.0,26.0,241.0,73.0,1289.0,71.0,602.0,43.0,299.0,442.0,136.0,27.0,31.0,17.0,6.0,29.0,312.0,130.0,125.0,712.0,258.0,93.0,105.0,48.0,1055.0,134.0,30.0,135.0,139.0
783.0,48.0,389.0,134.0,1524.0,78.0,832.0,62.0,325.0,526.0,220.0,32.0,46.0,11.0,6.0,33.0,376.0,136.0,167.0,929.0,379.0,117.0,170.0,77.0,1136.0,129.0,39.0,125.0,130.0
570.0,35.0,246.0,86.0,1434.0,56.0,792.0,40.0,306.0,579.0,109.0,25.0,37.0,7.0,5.0,29.0,253.0,136.0,116.0,574.0,150.0,79.0,114.0,48.0,973.0,87.0,29.0,79.0,101.0
659.0,42.0,312.0,101.0,1596.0,73.0,879.0,49.0,339.0,620.0,91.0,26.0,39.0,9.0,5.0,27.0,323.0,147.0,129.0,664.0,181.0,78.0,105.0,54.0,1061.0,128.0,28.0,81.0,127.0
882.0,58.0,414.0,80.0,1833.0,80.0,853.0,35.0,315.0,583.0,108.0,23.0,41.0,12.0,5.0,33.0,324.0,150.0,151.0,744.0,197.0,88.0,124.0,80.0,1089.0,164.0,30.0,96.0,118.0
797.0,11.0,426.0,83.0,2064.0,84.0,968.0,47.0,354.0,534.0,101.0,32.0,52.0,12.0,8.0,33.0,331.0,150.0,113.0,722.0,191.0,92.0,111.0,70.0,1153.0,128.0,30.0,222.0,137.0
837.0,61.0,384.0,86.0,2055.0,77.0,986.0,42.0,396.0,527.0,110.0,27.0,62.0,15.0,6.0,33.0,340.0,159.0,132.0,711.0,207.0,102.0,148.0,74.0,1165.0,157.0,29.0,348.0,162.0
803.0,50.0,490.0,79.0,1913.0,82.0,893.0,40.0,361.0,546.0,104.0,36.0,59.0,14.0,5.0,37.0,389.0,169.0,143.0,775.0,202.0,87.0,129.0,76.0,1152.0,173.0,36.0,275.0,164.0
713.0,39.0,481.0,82.0,1845.0,80.0,935.0,49.0,399.0,581.0,121.0,26.0,67.0,18.0,5.0,38.0,393.0,186.0,176.0,932.0,232.0,99.0,168.0,86.0,1135.0,283.0,36.0,236.0,253.0
657.0,21.0,483.0,94.0,1662.0,78.0,957.0,40.0,348.0,586.0,107.0,32.0,56.0,11.0,5.0,37.0,359.0,151.0,140.0,799.0,188.0,87.0,131.0,64.0,1067.0,292.0,36.0,139.0,215.0
946.0,37.0,463.0,91.0,1955.0,66.0,1011.0,30.0,405.0,584.0,126.0,33.0,62.0,11.0,5.0,33.0,362.0,163.0,175.0,770.0,229.0,67.0,110.0,64.0,1163.0,227.0,37.0,111.0,154.0
580.0,47.0,298.0,75.0,1526.0,61.0,998.0,31.0,426.0,610.0,107.0,17.0,49.0,13.0,4.0,28.0,389.0,143.0,140.0,711.0,217.0,80.0,102.0,65.0,1021.0,203.0,33.0,97.0,123.0
561.0,66.0,317.0,55.0,1326.0,70.0,765.0,34.0,296.0,551.0,132.0,22.0,38.0,18.0,6.0,31.0,378.0,140.0,132.0,785.0,269.0,85.0,118.0,48.0,1194.0,148.0,41.0,120.0,126.0
898.0,76.0,527.0,91.0,1656.0,83.0,764.0,42.0,311.0,625.0,228.0,25.0,53.0,17.0,7.0,36.0,442.0,154.0,149.0,873.0,350.0,122.0,129.0,85.0,1154.0,120.0,42.0,141.0,147.0
596.0,35.0,318.0,93.0,1506.0,63.0,737.0,43.0,271.0,612.0,92.0,27.0,47.0,14.0,4.0,38.0,312.0,129.0,124.0,618.0,198.0,74.0,113.0,48.0,991.0,82.0,28.0,92.0,109.0
600.0,52.0,419.0,78.0,1702.0,53.0,842.0,41.0,289.0,581.0,98.0,25.0,46.0,12.0,8.0,36.0,294.0,158.0,137.0,649.0,215.0,84.0,110.0,47.0,1073.0,98.0,36.0,82.0,113.0
921.0,58.0,398.0,66.0,2017.0,69.0,876.0,34.0,318.0,562.0,117.0,26.0,48.0,13.0,7.0,31.0,380.0,156.0,150.0,723.0,202.0,104.0,149.0,80.0,1209.0,137.0,25.0,94.0,128.0
704.0,24.0,385.0,75.0,2118.0,63.0,902.0,41.0,335.0,612.0,103.0,25.0,51.0,12.0,7.0,26.0,362.0,149.0,146.0,769.0,187.0,94.0,131.0,79.0,1136.0,121.0,29.0,275.0,125.0
733.0,49.0,504.0,71.0,2102.0,73.0,909.0,37.0,400.0,581.0,97.0,28.0,60.0,16.0,7.0,21.0,381.0,146.0,154.0,727.0,191.0,84.0,132.0,94.0,1092.0,120.0,31.0,371.0,120.0
882.0,38.0,612.0,98.0,1955.0,72.0,899.0,46.0,403.0,579.0,102.0,32.0,63.0,16.0,7.0,27.0,392.0,158.0,174.0,817.0,254.0,112.0,146.0,94.0,1202.0,145.0,38.0,246.0,169.0
765.0,48.0,486.0,53.0,1948.0,82.0,869.0,46.0,403.0,614.0,126.0,23.0,67.0,18.0,7.0,29.0,449.0,161.0,168.0,928.0,265.0,102.0,190.0,94.0,1175.0,264.0,49.0,210.0,268.0
652.0,45.0,433.0,81.0,1853.0,77.0,887.0,41.0,417.0,625.0,110.0,24.0,57.0,12.0,6.0,24.0,448.0,156.0,157.0,791.0,225.0,80.0,126.0,82.0,1147.0,259.0,43.0,130.0,227.0
903.0,39.0,545.0,97.0,1857.0,71.0,883.0,43.0,444.0,614.0,112.0,29.0,60.0,11.0,8.0,26.0,505.0,136.0,144.0,713.0,239.0,83.0,122.0,72.0,1095.0,237.0,59.0,98.0,163.0
615.0,53.0,319.0,79.0,1729.0,66.0,877.0,36.0,390.0,517.0,116.0,22.0,49.0,9.0,6.0,26.0,431.0,119.0,126.0,763.0,221.0,68.0,123.0,70.0,1024.0,199.0,40.0,79.0,131.0
584.0,31.0,377.0,85.0,1400.0,89.0,718.0,41.0,340.0,499.0,155.0,28.0,47.0,21.0,8.0,31.0,477.0,125.0,111.0,743.0,300.0,97.0,112.0,64.0,1220.0,184.0,50.0,127.0,122.0
1040.0,112.0,523.0,87.0,1735.0,86.0,725.0,48.0,353.0,569.0,227.0,25.0,58.0,17.0,10.0,34.0,395.0,139.0,150.0,985.0,381.0,90.0,159.0,88.0,1246.0,132.0,46.0,131.0,124.0
626.0,17.0,326.0,80.0,1602.0,85.0,723.0,33.0,333.0,587.0,113.0,23.0,49.0,11.0,5.0,20.0,277.0,122.0,138.0,713.0,235.0,74.0,121.0,55.0,973.0,77.0,40.0,74.0,114.0
581.0,30.0,296.0,71.0,1504.0,84.0,763.0,55.0,354.0,523.0,368.0,24.0,45.0,26.0,10.0,45.0,736.0,358.0,328.0,1740.0,569.0,232.0,170.0,192.0,1846.0,614.0,39.0,209.0,181.0
605.6,31.1,308.3,72.3,1557.0,83.9,785.2,55.3,358.3,535.5,349.2,25.1,46.8,25.0,10.1,43.0,708.4,347.1,316.1,1681.9,547.5,222.8,168.3,183.8,1801.7,579.9,39.1,209.1,180.1
630.2,32.1,320.5,73.7,1610.0,83.9,807.4,55.7,362.7,548.1,330.4,26.3,48.6,24.0,10.1,41.0,680.8,336.1,304.3,1623.7,525.9,213.6,166.5,175.6,1757.3,545.9,39.3,209.1,179.1
654.8,33.2,332.8,75.0,1663.0,83.8,829.6,56.0,367.0,560.6,311.6,27.4,50.4,23.0,10.2,39.0,653.2,325.2,292.4,1565.6,504.4,204.4,164.8,167.4,1713.0,511.8,39.4,209.2,178.2
679.4,34.3,345.1,76.3,1716.0,83.7,851.8,56.3,371.3,573.1,292.8,28.5,52.2,22.0,10.3,37.0,625.6,314.3,280.5,1507.5,482.9,195.2,163.1,159.2,1668.7,477.7,39.5,209.3,177.3
704.0,35.3,357.3,77.7,1769.0,83.7,874.0,56.7,375.7,585.7,274.0,29.7,54.0,21.0,10.3,35.0,598.0,303.3,268.7,1449.3,461.3,186.0,161.3,151.0,1624.3,443.7,39.7,209.3,176.3
728.6,36.4,369.6,79.0,1822.0,83.6,896.2,57.0,380.0,598.2,255.2,30.8,55.8,20.0,10.4,33.0,570.4,292.4,256.8,1391.2,439.8,176.8,159.6,142.8,1580.0,409.6,39.8,209.4,175.4
753.2,37.5,381.9,80.3,1875.0,83.5,918.4,57.3,384.3,610.7,236.4,31.9,57.6,19.0,10.5,31.0,542.8,281.5,244.9,1333.1,418.3,167.6,157.9,134.6,1535.7,375.5,39.9,209.5,174.5
777.8,38.5,394.1,81.7,1928.0,83.5,940.6,57.7,388.7,623.3,217.6,33.1,59.4,18.0,10.5,29.0,515.2,270.5,233.1,1274.9,396.7,158.4,156.1,126.4,1491.3,341.5,40.1,209.5,173.5
802.4,39.6,406.4,83.0,1981.0,83.4,962.8,58.0,393.0,635.8,198.8,34.2,61.2,17.0,10.6,27.0,487.6,259.6,221.2,1216.8,375.2,149.2,154.4,118.2,1447.0,307.4,40.2,209.6,172.6
827.0,40.7,418.7,84.3,2034.0,83.3,985.0,58.3,397.3,648.3,180.0,35.3,63.0,16.0,10.7,25.0,460.0,248.7,209.3,1158.7,353.7,140.0,152.7,110.0,1402.7,273.3,40.3,209.7,171.7
851.6,41.7,430.9,85.7,2087.0,83.3,1007.2,58.7,401.7,660.9,161.2,36.5,64.8,15.0,10.7,23.0,432.4,237.7,197.5,1100.5,332.1,130.8,150.9,101.8,1358.3,239.3,40.5,209.7,170.7
876.2,42.8,443.2,87.0,2140.0,83.2,1029.4,59.0,406.0,673.4,142.4,37.6,66.6,14.0,10.8,21.0,404.8,226.8,185.6,1042.4,310.6,121.6,149.2,93.6,1314.0,205.2,40.6,209.8,169.8
900.8,43.9,455.5,88.3,2193.0,83.1,1051.6,59.3,410.3,685.9,123.6,38.7,68.4,13.0,10.9,19.0,377.2,215.9,173.7,984.3,289.1,112.4,147.5,85.4,1269.7,171.1,40.7,209.9,168.9
925.4,44.9,467.7,89.7,2246.0,83.1,1073.8,59.7,414.7,698.5,104.8,39.9,70.2,12.0,10.9,17.0,349.6,204.9,161.9,926.1,267.5,103.2,145.7,77.2,1225.3,137.1,40.9,209.9,167.9
950.0,46.0,480.0,91.0,2299.0,83.0,1096.0,60.0,419.0,711.0,86.0,41.0,72.0,11.0,11.0,15.0,322.0,194.0,150.0,868.0,246.0,94.0,144.0,69.0,1181.0,103.0,41.0,210.0,167.0
1160.0,97.0,638.0,74.0,2136.0,73.0,989.0,33.0,403.0,781.0,98.0,22.0,68.0,10.0,7.0,17.0,339.0,218.0,172.0,937.0,245.0,87.0,151.0,81.0,1264.0,118.0,46.0,203.0,168.0
807.0,95.0,626.0,65.0,2186.0,91.0,963.0,47.0,405.0,789.0,95.0,34.0,78.0,13.0,8.0,19.0,408.0,226.0,214.0,1127.0,242.0,105.0,173.0,86.0,1166.0,220.0,54.0,214.0,212.0
853.0,52.0,564.0,79.0,2049.0,66.0,984.0,52.0,402.0,821.0,109.0,35.0,69.0,13.0,10.0,14.0,310.0,221.0,173.0,817.0,263.0,101.0,195.0,56.0,1228.0,232.0,44.0,165.0,195.0
1073.0,66.0,478.0,64.0,2171.0,65.0,1111.0,55.0,508.0,888.0,88.0,31.0,69.0,18.0,13.0,19.0,359.0,195.0,166.0,823.0,271.0,102.0,130.0,70.0,1131.0,185.0,57.0,129.0,178.0
733.0,53.0,424.0,64.0,2111.0,70.0,957.0,56.0,438.0,797.0,101.0,26.0,75.0,15.0,6.0,14.0,403.0,172.0,146.0,809.0,250.0,85.0,128.0,60.0,1188.0,169.0,36.0,101.0,146.0
663.0,43.0,424.0,79.0,1600.0,99.0,769.0,62.0,348.0,787.0,124.0,32.0,46.0,18.0,12.0,16.0,384.0,175.0,138.0,864.0,313.0,101.0,123.0,63.0,1267.0,142.0,62.0,122.0,143.0
1026.0,83.0,580.0,113.0,1836.0,106.0,880.0,62.0,369.0,811.0,205.0,36.0,72.0,22.0,13.0,23.0,345.0,206.0,166.0,950.0,461.0,138.0,198.0,98.0,1291.0,135.0,54.0,138.0,153.0
769.0,44.0,341.0,67.0,1894.0,71.0,865.0,39.0,349.0,843.0,82.0,19.0,63.0,9.0,5.0,17.0,282.0,177.0,135.0,688.0,219.0,57.0,129.0,40.0,1111.0,57.0,37.0,109.0,134.0
680.0,52.0,525.0,81.0,2109.0,56.0,896.0,62.0,339.0,757.0,78.0,16.0,77.0,11.0,9.0,17.0,345.0,225.0,155.0,695.0,271.0,64.0,147.0,52.0,1156.0,90.0,36.0,113.0,141.0
1271.0,46.0,693.0,73.0,1949.0,69.0,831.0,55.0,323.0,727.0,89.0,18.0,60.0,8.0,8.0,17.0,336.0,225.0,188.0,828.0,297.0,93.0,174.0,95.0,1278.0,120.0,39.0,92.0,148.0
948.0,56.0,506.0,56.0,2169.0,73.0,866.0,42.0,331.0,652.0,97.0,19.0,69.0,9.0,7.0,22.0,294.0,201.0,183.0,735.0,231.0,93.0,148.0,71.0,1241.0,120.0,40.0,218.0,151.0
900.0,50.0,533.0,84.0,2254.0,76.0,1056.0,37.0,376.0,695.0,109.0,23.0,87.0,17.0,7.0,17.0,307.0,212.0,181.0,666.0,289.0,99.0,150.0,62.0,1254.0,133.0,46.0,357.0,180.0
1152.0,101.0,710.0,78.0,1933.0,73.0,828.0,32.0,382.0,762.0,83.0,21.0,100.0,11.0,9.0,19.0,391.0,200.0,159.0,780.0,327.0,98.0,144.0,95.0,1286.0,134.0,37.0,142.0,162.0
858.0,81.0,632.0,107.0,2039.0,82.0,833.0,34.0,373.0,622.0,91.0,22.0,87.0,18.0,8.0,21.0,432.0,237.0,176.0,975.0,368.0,134.0,194.0,108.0,1218.0,249.0,49.0,301.0,250.0
796.0,56.0,506.0,65.0,1805.0,58.0,754.0,25.0,363.0,716.0,94.0,19.0,83.0,12.0,17.0,20.0,354.0,180.0,183.0,747.0,330.0,92.0,144.0,75.0,1127.0,236.0,42.0,153.0,237.0
1004.0,34.0,472.0,64.0,1782.0,43.0,834.0,19.0,429.0,605.0,85.0,20.0,89.0,14.0,8.0,19.0,359.0,200.0,148.0,726.0,299.0,92.0,117.0,82.0,1110.0,174.0,42.0,119.0,156.0
597.0,74.0,455.0,47.0,1742.0,42.0,807.0,27.0,412.0,640.0,105.0,19.0,76.0,13.0,8.0,15.0,309.0,157.0,147.0,677.0,370.0,89.0,148.0,65.0,1083.0,175.0,34.0,85.0,149.0
565.0,53.0,499.0,89.0,1341.0,66.0,677.0,33.0,318.0,663.0,127.0,29.0,55.0,15.0,10.0,20.0,377.0,157.0,141.0,781.0,429.0,104.0,120.0,60.0,1118.0,132.0,56.0,123.0,167.0
1016.0,71.0,418.0,73.0,1752.0,58.0,763.0,43.0,315.0,652.0,241.0,20.0,81.0,18.0,12.0,23.0,360.0,192.0,172.0,917.0,621.0,122.0,143.0,115.0,1164.0,146.0,39.0,121.0,140.0
694.0,55.0,392.0,74.0,1510.0,47.0,646.0,15.0,275.0,680.0,89.0,26.0,64.0,13.0,6.0,28.0,293.0,183.0,161.0,565.0,273.0,80.0,104.0,56.0,920.0,80.0,33.0,83.0,106.0
767.0,57.0,382.0,64.0,1706.0,46.0,685.0,20.0,265.0,646.0,101.0,16.0,65.0,13.0,8.0,25.0,392.0,186.0,142.0,607.0,303.0,84.0,106.0,61.0,984.0,101.0,31.0,96.0,135.0
1033.0,88.0,481.0,89.0,1812.0,35.0,697.0,22.0,244.0,542.0,62.0,13.0,58.0,10.0,7.0,20.0,342.0,200.0,211.0,718.0,286.0,80.0,140.0,67.0,1122.0,109.0,34.0,94.0,125.0
991.0,16.0,601.0,74.0,2060.0,69.0,875.0,37.0,276.0,567.0,78.0,22.0,83.0,12.0,10.0,23.0,308.0,214.0,175.0,809.0,236.0,79.0,136.0,63.0,969.0,106.0,40.0,231.0,126.0
884.0,68.0,499.0,85.0,2279.0,57.0,844.0,40.0,259.0,495.0,92.0,29.0,88.0,21.0,9.0,24.0,293.0,202.0,155.0,667.0,269.0,89.0,108.0,62.0,1109.0,138.0,39.0,308.0,129.0
913.0,67.0,534.0,96.0,1909.0,75.0,787.0,28.0,285.0,520.0,90.0,28.0,105.0,17.0,11.0,25.0,395.0,222.0,127.0,753.0,281.0,113.0,110.0,82.0,1145.0,141.0,41.0,212.0,154.0
774.0,120.0,566.0,74.0,1985.0,70.0,868.0,47.0,324.0,594.0,120.0,23.0,97.0,25.0,7.0,28.0,398.0,230.0,164.0,826.0,335.0,84.0,187.0,97.0,1119.0,277.0,33.0,257.0,214.0
724.0,69.0,399.0,81.0,1827.0,70.0,754.0,27.0,343.0,582.0,97.0,17.0,94.0,18.0,7.0,22.0,295.0,170.0,140.0,710.0,249.0,72.0,113.0,77.0,1030.0,285.0,40.0,120.0,172.0
966.0,64.0,570.0,83.0,1831.0,67.0,866.0,23.0,406.0,606.0,96.0,26.0,94.0,13.0,9.0,24.0,383.0,166.0,141.0,632.0,296.0,69.0,130.0,78.0,1104.0,154.0,38.0,98.0,138.0
715.0,28.0,346.0,104.0,1430.0,59.0,809.0,46.0,395.0,573.0,125.0,15.0,70.0,14.0,7.0,18.0,369.0,139.0,135.0,639.0,303.0,73.0,112.0,61.0,910.0,151.0,34.0,84.0,127.0
654.0,36.0,388.0,91.0,1246.0,66.0,561.0,44.0,259.0,605.0,154.0,27.0,64.0,15.0,9.0,16.0,362.0,140.0,156.0,597.0,349.0,63.0,103.0,62.0,1102.0,155.0,45.0,131.0,147.0
965.0,46.0,505.0,184.0,1518.0,65.0,660.0,49.0,318.0,575.0,150.0,21.0,88.0,21.0,12.0,29.0,373.0,154.0,165.0,695.0,440.0,86.0,157.0,87.0,1122.0,143.0,35.0,117.0,141.0
592.0,53.0,342.0,83.0,1436.0,61.0,604.0,29.0,298.0,600.0,100.0,25.0,66.0,14.0,7.0,21.0,322.0,135.0,144.0,549.0,210.0,76.0,100.0,58.0,944.0,95.0,28.0,77.0,115.0
731.0,29.0,416.0,65.0,1457.0,85.0,596.0,31.0,292.0,570.0,98.0,29.0,66.0,15.0,12.0,18.0,297.0,142.0,117.0,530.0,196.0,70.0,100.0,61.0,1023.0,111.0,28.0,87.0,119.0
916.0,120.0,370.0,101.0,1637.0,64.0,645.0,26.0,265.0,449.0,77.0,12.0,81.0,18.0,8.0,20.0,313.0,160.0,175.0,654.0,232.0,75.0,142.0,77.0,973.0,120.0,35.0,104.0,134.0
718.0,52.0,438.0,55.0,1874.0,69.0,743.0,25.0,285.0,453.0,82.0,14.0,93.0,26.0,10.0,24.0,312.0,141.0,172.0,634.0,209.0,85.0,114.0,76.0,950.0,105.0,33.0,261.0,114.0
754.0,43.0,515.0,85.0,1721.0,61.0,681.0,30.0,274.0,407.0,95.0,17.0,96.0,25.0,10.0,18.0,262.0,139.0,172.0,654.0,258.0,77.0,136.0,65.0,978.0,106.0,35.0,307.0,133.0
837.0,74.0,494.0,62.0,1698.0,61.0,678.0,25.0,338.0,416.0,77.0,33.0,107.0,24.0,7.0,18.0,352.0,163.0,129.0,715.0,305.0,103.0,172.0,87.0,1000.0,140.0,31.0,200.0,165.0
786.0,27.0,416.0,92.0,1589.0,64.0,746.0,34.0,318.0,401.0,130.0,37.0,99.0,28.0,9.0,19.0,366.0,163.0,152.0,676.0,273.0,108.0,187.0,82.0,1133.0,254.0,37.0,233.0,213.0
785.0,12.0,346.0,64.0,1580.0,62.0,687.0,33.0,334.0,448.0,95.0,26.0,90.0,17.0,9.0,19.0,306.0,165.0,124.0,551.0,257.0,81.0,137.0,68.0,1053.0,313.0,30.0,123.0,192.0
907.0,23.0,427.0,59.0,1675.0,64.0,735.0,37.0,366.0,475.0,109.0,18.0,83.0,16.0,8.0,22.0,349.0,172.0,127.0,590.0,308.0,71.0,113.0,74.0,1043.0,217.0,30.0,109.0,128.0
553.0,67.0,327.0,45.0,1447.0,63.0,727.0,34.0,355.0,477.0,115.0,11.0,66.0,15.0,7.0,17.0,326.0,134.0,122.0,552.0,314.0,67.0,91.0,57.0,909.0,152.0,27.0,85.0,127.0
517.0,14.0,235.0,102.0,1154.0,75.0,509.0,35.0,226.0,401.0,141.0,29.0,62.0,29.0,12.0,23.0,298.0,120.0,109.0,612.0,396.0,62.0,114.0,55.0,937.0,141.0,31.0,143.0,142.0
1032.0,75.0,593.0,114.0,1472.0,71.0,622.0,30.0,247.0,451.0,188.0,31.0,82.0,34.0,12.0,24.0,370.0,128.0,171.0,716.0,480.0,92.0,147.0,71.0,1070.0,132.0,31.0,108.0,135.0
589.0,8.0,228.0,73.0,1434.0,64.0,573.0,24.0,247.0,526.0,90.0,30.0,82.0,25.0,7.0,19.0,328.0,109.0,137.0,535.0,237.0,71.0,103.0,50.0,943.0,90.0,34.0,99.0,98.0
696.0,13.0,405.0,58.0,1363.0,49.0,611.0,29.0,250.0,521.0,84.0,22.0,79.0,21.0,8.0,21.0,274.0,117.0,143.0,552.0,225.0,71.0,148.0,62.0,927.0,120.0,29.0,91.0,129.0
1048.0,36.0,467.0,81.0,1819.0,69.0,591.0,30.0,220.0,426.0,77.0,15.0,55.0,13.0,8.0,21.0,336.0,142.0,145.0,549.0,225.0,81.0,173.0,72.0,1090.0,131.0,42.0,90.0,118.0
725.0,53.0,416.0,102.0,2056.0,49.0,672.0,20.0,240.0,438.0,80.0,14.0,70.0,21.0,9.0,21.0,312.0,116.0,145.0,569.0,225.0,82.0,141.0,69.0,1011.0,126.0,50.0,221.0,136.0
765.0,43.0,464.0,134.0,1938.0,58.0,668.0,25.0,266.0,420.0,121.0,20.0,79.0,23.0,9.0,21.0,303.0,126.0,142.0,612.0,289.0,105.0,127.0,56.0,1033.0,118.0,31.0,300.0,148.0
970.0,35.0,489.0,99.0,1778.0,47.0,633.0,27.0,298.0,435.0,94.0,14.0,85.0,22.0,8.0,22.0,369.0,160.0,156.0,633.0,242.0,105.0,165.0,71.0,1125.0,143.0,37.0,207.0,136.0
