Hires: Total nonfarm in Midwest region,Other separations: Total nonfarm in Midwest region,Hires: Total nonfarm in Northeast region,Job Openings: Total nonfarm in Northeast region,Layoffs and Discharges: Total nonfarm in Northeast region,Other separations: Total nonfarm in Northeast region,Quits: Total nonfarm in Northeast region,Other separations: Total nonfarm in South region,Hires: Total nonfarm in West region,Other separations: Total nonfarm in West region
920.0,61.0,629.0,785.0,395.0,54.0,355.0,109.0,1114.0,90.0
1413.0,118.0,852.0,1085.0,498.0,98.0,483.0,216.0,1373.0,116.0
988.0,60.0,710.0,925.0,245.0,37.0,398.0,112.0,1144.0,55.0
1180.0,92.0,799.0,926.0,350.0,60.0,407.0,113.0,1194.0,55.0
1409.0,80.0,1068.0,1118.0,372.0,62.0,523.0,141.0,1201.0,88.0
1508.0,105.0,990.0,966.0,249.0,76.0,430.0,123.0,1318.0,48.0
1377.0,97.0,1167.0,834.0,312.0,54.0,449.0,135.0,1214.0,87.0
1361.0,139.0,1006.0,883.0,441.0,85.0,580.0,154.0,1363.0,87.0
1379.0,101.0,822.0,796.0,434.0,81.0,567.0,136.0,1207.0,122.0
1343.0,84.0,944.0,754.0,423.0,69.0,533.0,124.0,1127.0,100.0
1241.0,72.0,1011.0,714.0,492.0,68.0,551.0,125.0,1194.0,75.0
939.0,51.0,728.0,624.0,439.0,59.0,351.0,90.0,999.0,56.0
802.0,83.0,580.0,600.0,404.0,66.0,347.0,122.0,818.0,69.0
1041.0,110.0,832.0,769.0,470.0,79.0,504.0,166.0,1126.0,155.0
854.0,72.0,579.0,575.0,269.0,62.0,317.0,105.0,877.0,74.0
947.0,75.0,701.0,589.0,259.0,76.0,314.0,104.0,982.0,72.0
1401.0,88.0,871.0,694.0,321.0,78.0,416.0,139.0,1231.0,91.0
1273.0,85.0,947.0,623.0,254.0,61.0,399.0,111.0,1124.0,63.0
1308.0,83.0,975.0,617.0,405.0,69.0,419.0,108.0,1217.0,100.0
1218.0,101.0,933.0,700.0,406.0,87.0,475.0,153.0,1265.0,124.0
1292.0,92.0,802.0,665.0,437.0,58.0,501.0,153.0,1179.0,74.0
1170.0,90.0,810.0,618.0,454.0,75.0,445.0,132.0,1256.0,88.0
1180.0,80.0,832.0,746.0,382.0,67.0,448.0,134.0,1169.0,77.0
927.0,48.0,692.0,619.0,386.0,58.0,302.0,135.0,1012.0,73.0
790.0,76.0,611.0,454.0,429.0,79.0,265.0,143.0,852.0,90.0
1132.0,127.0,775.0,708.0,536.0,128.0,382.0,199.0,1174.0,121.0
766.0,62.0,605.0,530.0,271.0,54.0,295.0,130.0,920.0,54.0
896.0,81.0,650.0,525.0,239.0,69.0,281.0,127.0,948.0,73.0
1291.0,78.0,780.0,626.0,321.0,73.0,323.0,150.0,1171.0,72.0
1160.0,77.0,891.0,625.0,320.0,69.0,330.0,118.0,1164.0,82.0
1145.0,65.0,974.0,601.0,366.0,79.0,353.0,120.0,1292.0,81.0
1088.0,78.0,922.0,617.0,424.0,72.0,412.0,141.0,1233.0,95.0
1090.0,69.0,812.0,608.0,445.0,57.0,446.0,137.0,1202.0,74.0
1114.0,78.0,944.0,557.0,466.0,71.0,427.0,121.0,1161.0,90.0
1099.0,65.0,876.0,655.0,438.0,63.0,378.0,141.0,1295.0,80.0
904.0,63.0,733.0,570.0,355.0,53.0,295.0,94.0,966.0,59.0
732.0,76.0,681.0,523.0,464.0,62.0,273.0,107.0,896.0,64.0
1016.0,106.0,819.0,590.0,522.0,83.0,350.0,165.0,1061.0,96.0
811.0,58.0,617.0,592.0,305.0,51.0,289.0,99.0,851.0,52.0
1069.0,58.0,761.0,660.0,309.0,46.0,300.0,115.0,1094.0,75.0
1315.0,62.0,1005.0,727.0,420.0,65.0,394.0,123.0,1344.0,67.0
1246.0,71.0,934.0,648.0,228.0,75.0,357.0,104.0,1195.0,93.0
1259.0,87.0,1047.0,563.0,368.0,82.0,433.0,135.0,1304.0,78.0
1159.0,79.0,976.0,708.0,347.0,82.0,501.0,129.0,1197.0,97.0
1214.0,73.0,891.0,681.0,431.0,78.0,514.0,126.0,1209.0,85.0
1156.0,58.0,1056.0,714.0,503.0,73.0,455.0,126.0,1194.0,68.0
1178.0,49.0,1011.0,803.0,414.0,72.0,416.0,119.0,1231.0,72.0
978.0,55.0,812.0,570.0,416.0,55.0,358.0,73.0,1027.0,64.0
783.0,47.0,698.0,613.0,491.0,61.0,354.0,106.0,891.0,81.0
1151.0,93.0,829.0,662.0,503.0,72.0,478.0,131.0,1110.0,108.0
912.0,59.0,647.0,649.0,285.0,57.0,314.0,108.0,1012.0,69.0
1025.0,54.0,818.0,647.0,336.0,52.0,370.0,99.0,1121.0,58.0
1346.0,63.0,1035.0,784.0,377.0,63.0,443.0,111.0,1368.0,65.0
1396.0,73.0,974.0,675.0,258.0,62.0,432.0,109.0,1305.0,81.0
1327.0,72.0,1113.0,700.0,407.0,91.0,416.0,123.0,1454.0,81.0
1234.0,97.0,1014.0,780.0,306.0,56.0,519.0,123.0,1417.0,84.0
1239.0,80.0,916.0,743.0,388.0,63.0,582.0,123.0,1414.0,92.0
1223.0,94.0,1088.0,799.0,450.0,40.0,525.0,103.0,1374.0,84.0
1125.0,74.0,875.0,828.0,366.0,52.0,446.0,90.0,1340.0,82.0
1008.0,65.0,756.0,707.0,294.0,50.0,343.0,84.0,1194.0,82.0
782.0,94.0,572.0,648.0,415.0,56.0,372.0,126.0,1015.0,99.0
1007.0,106.0,764.0,829.0,395.0,82.0,458.0,147.0,1260.0,87.0
912.0,78.0,658.0,724.0,265.0,51.0,340.0,109.0,1078.0,82.0
1174.0,61.0,809.0,752.0,204.0,70.0,376.0,110.0,1180.0,112.0
1241.0,74.0,972.0,901.0,277.0,75.0,414.0,181.0,1342.0,99.0
1398.0,86.0,1015.0,742.0,275.0,83.0,440.0,172.0,1326.0,84.0
1361.0,101.0,1002.0,767.0,316.0,95.0,435.0,161.0,1525.0,100.0
1294.0,131.0,1074.0,825.0,360.0,80.0,561.0,173.0,1454.0,102.0
1261.0,83.0,891.0,889.0,286.0,55.0,636.0,140.0,1371.0,103.0
1129.0,99.0,956.0,867.0,367.0,69.0,524.0,117.0,1313.0,83.0
1208.0,69.0,881.0,944.0,459.0,76.0,441.0,176.0,1354.0,79.0
1050.0,67.0,745.0,811.0,250.0,75.0,381.0,103.0,1257.0,70.0
808.0,78.0,620.0,741.0,378.0,53.0,343.0,136.0,961.0,72.0
1123.0,94.0,816.0,832.0,490.0,89.0,418.0,169.0,1125.0,123.0
993.0,64.0,570.0,791.0,284.0,58.0,294.0,106.0,982.0,83.0
1175.0,71.0,749.0,817.0,222.0,59.0,359.0,128.0,1196.0,71.0
1285.0,84.0,937.0,833.0,335.0,67.0,399.0,125.0,1318.0,85.0
1462.0,79.0,925.0,781.0,249.0,52.0,436.0,106.0,1340.0,77.0
1371.0,109.0,931.0,836.0,244.0,68.0,451.0,130.0,1401.0,101.0
1165.0,108.0,1016.0,845.0,291.0,83.0,463.0,146.0,1340.0,96.0
1289.0,80.0,929.0,832.0,461.0,63.0,545.0,124.0,1407.0,89.0
1299.0,68.0,920.0,758.0,389.0,71.0,453.0,85.0,1249.0,83.0
1214.0,65.0,852.0,879.0,379.0,63.0,425.0,124.0,1432.0,65.0
1001.0,57.0,814.0,766.0,424.0,50.0,361.0,88.0,1059.0,103.0
759.0,73.0,657.0,663.0,393.0,83.0,280.0,93.0,877.0,85.0
1051.0,123.0,756.0,843.0,456.0,71.0,430.0,115.0,1046.0,78.0
869.0,79.0,578.0,685.0,308.0,58.0,349.0,97.0,1003.0,65.0
1020.0,81.0,726.0,691.0,292.0,70.0,329.0,94.0,1124.0,102.0
1171.0,86.0,927.0,746.0,258.0,68.0,465.0,139.0,1299.0,88.0
1237.0,60.0,843.0,714.0,296.0,42.0,398.0,116.0,1251.0,64.0
1287.0,91.0,973.0,704.0,361.0,54.0,420.0,117.0,1255.0,72.0
1115.0,67.0,902.0,741.0,369.0,74.0,478.0,113.0,1213.0,76.0
1107.0,91.0,816.0,772.0,524.0,60.0,439.0,146.0,1223.0,82.0
1061.0,70.0,847.0,626.0,415.0,66.0,417.0,119.0,1112.0,72.0
1074.0,66.0,765.0,688.0,348.0,61.0,352.0,140.0,1105.0,86.0
817.0,61.0,561.0,606.0,366.0,63.0,260.0,101.0,868.0,68.0
708.0,56.0,525.0,562.0,510.0,59.0,262.0,93.0,747.0,75.0
803.0,69.0,660.0,551.0,581.0,79.0,278.0,162.0,824.0,79.0
638.0,63.0,573.0,541.0,342.0,64.0,191.0,90.0,736.0,47.0
817.0,50.0,605.0,501.0,359.0,72.0,226.0,102.0,785.0,57.0
901.0,62.0,794.0,518.0,411.0,58.0,254.0,124.0,946.0,73.0
958.0,63.0,734.0,540.0,380.0,55.0,282.0,94.0,995.0,60.0
973.0,68.0,893.0,578.0,469.0,83.0,302.0,112.0,954.0,76.0
872.0,80.0,806.0,503.0,399.0,72.0,286.0,117.0,1072.0,63.0
977.0,88.0,755.0,528.0,511.0,54.0,319.0,121.0,944.0,64.0
889.0,51.0,769.0,520.0,462.0,41.0,318.0,116.0,952.0,80.0
925.0,59.0,749.0,524.0,393.0,51.0,294.0,95.0,897.0,88.0
709.0,60.0,671.0,436.0,409.0,29.0,220.0,75.0,851.0,57.0
624.0,57.0,505.0,440.0,498.0,54.0,225.0,102.0,630.0,69.0
801.0,87.0,681.0,540.0,411.0,81.0,271.0,140.0,812.0,98.0
742.0,54.0,524.0,490.0,272.0,55.0,206.0,106.0,680.0,71.0
942.0,53.0,677.0,511.0,341.0,50.0,272.0,98.0,873.0,90.0
1104.0,62.0,777.0,728.0,256.0,54.0,315.0,106.0,939.0,70.0
1180.0,80.0,900.0,625.0,312.0,47.0,267.0,130.0,1069.0,72.0
1125.0,102.0,926.0,571.0,383.0,79.0,356.0,128.0,1073.0,83.0
1076.0,81.0,857.0,666.0,438.0,78.0,362.0,135.0,1019.0,89.0
1040.0,87.0,747.0,660.0,427.0,65.0,412.0,126.0,963.0,68.0
951.0,70.0,857.0,594.0,375.0,63.0,357.0,106.0,917.0,62.0
1012.0,64.0,777.0,721.0,421.0,60.0,290.0,101.0,941.0,44.0
794.0,76.0,639.0,566.0,434.0,40.0,224.0,90.0,823.0,55.0
660.0,56.0,550.0,492.0,432.0,51.0,242.0,101.0,705.0,85.0
862.0,127.0,624.0,627.0,402.0,79.0,257.0,144.0,855.0,83.0
857.0,56.0,518.0,586.0,272.0,42.0,225.0,118.0,737.0,59.0
989.0,82.0,736.0,615.0,250.0,38.0,266.0,95.0,855.0,61.0
1146.0,61.0,817.0,679.0,331.0,56.0,284.0,119.0,968.0,72.0
1145.0,74.0,832.0,617.0,312.0,57.0,319.0,104.0,981.0,79.0
1179.0,88.0,912.0,608.0,346.0,66.0,322.0,139.0,1148.0,73.0
1017.0,76.0,891.0,675.0,372.0,81.0,319.0,146.0,1074.0,76.0
1121.0,79.0,711.0,632.0,387.0,58.0,399.0,118.0,1028.0,62.0
1052.0,69.0,803.0,656.0,405.0,50.0,359.0,96.0,1048.0,66.0
1068.0,78.0,728.0,698.0,363.0,72.0,319.0,117.0,972.0,61.0
886.0,43.0,629.0,608.0,364.0,53.0,229.0,89.0,897.0,56.0
687.0,69.0,529.0,542.0,382.0,52.0,218.0,107.0,666.0,66.0
938.0,110.0,726.0,652.0,355.0,102.0,356.0,156.0,894.0,71.0
834.0,56.0,587.0,618.0,254.0,54.0,251.0,102.0,801.0,55.0
1054.0,64.0,672.0,680.0,245.0,62.0,270.0,95.0,897.0,71.0
1085.0,77.0,748.0,796.0,320.0,53.0,335.0,100.0,1078.0,76.0
1193.0,77.0,804.0,708.0,346.0,45.0,307.0,114.0,1121.0,89.0
1207.0,83.0,930.0,677.0,303.0,92.0,357.0,152.0,1089.0,80.0
1019.0,90.0,815.0,719.0,344.0,82.0,350.0,140.0,1097.0,98.0
1145.0,119.0,735.0,802.0,360.0,71.0,445.0,121.0,1082.0,72.0
967.0,76.0,868.0,682.0,416.0,68.0,350.0,116.0,902.0,63.0
997.0,66.0,678.0,763.0,395.0,48.0,289.0,115.0,1077.0,70.0
881.0,64.0,680.0,662.0,389.0,36.0,254.0,104.0,981.0,59.0
676.0,79.0,548.0,609.0,379.0,58.0,251.0,148.0,727.0,67.0
880.0,120.0,681.0,714.0,385.0,87.0,371.0,190.0,917.0,96.0
708.0,59.0,553.0,650.0,220.0,60.0,246.0,106.0,898.0,55.0
890.0,61.0,687.0,730.0,309.0,51.0,247.0,104.0,939.0,72.0
1092.0,71.0,838.0,736.0,321.0,59.0,324.0,117.0,1087.0,76.0
1287.0,81.0,844.0,703.0,277.0,65.0,340.0,145.0,1133.0,82.0
1111.0,92.0,900.0,726.0,347.0,80.0,344.0,152.0,1171.0,103.0
1041.0,90.0,820.0,697.0,353.0,73.0,375.0,144.0,1172.0,88.0
1232.0,94.0,761.0,763.0,427.0,71.0,460.0,135.0,1148.0,97.0
1109.0,79.0,836.0,761.0,408.0,62.0,409.0,106.0,1131.0,66.0
1025.0,43.0,746.0,771.0,312.0,66.0,358.0,96.0,1171.0,70.0
930.0,61.0,637.0,685.0,270.0,44.0,282.0,102.0,989.0,58.0
765.0,70.0,510.0,623.0,395.0,58.0,255.0,130.0,786.0,67.0
885.0,101.0,660.0,679.0,435.0,82.0,346.0,153.0,1006.0,73.0
823.0,67.0,509.0,696.0,207.0,51.0,271.0,107.0,939.0,86.0
982.0,76.0,663.0,742.0,205.0,52.0,292.0,124.0,1038.0,63.0
1299.0,60.0,845.0,859.0,278.0,79.0,350.0,125.0,1165.0,74.0
1366.0,95.0,846.0,833.0,262.0,71.0,341.0,156.0,1151.0,66.0
1220.0,89.0,845.0,853.0,293.0,72.0,351.0,160.0,1393.0,78.0
1173.0,69.0,853.0,864.0,337.0,61.0,406.0,163.0,1228.0,78.0
1178.0,96.0,734.0,920.0,358.0,81.0,454.0,157.0,1207.0,87.0
1173.0,70.0,914.0,861.0,372.0,80.0,432.0,157.0,1278.0,88.0
1191.0,54.0,809.0,902.0,369.0,78.0,374.0,131.0,1290.0,79.0
1084.0,62.0,704.0,728.0,260.0,33.0,292.0,105.0,1002.0,77.0
828.0,73.0,593.0,776.0,482.0,60.0,338.0,176.0,865.0,94.0
1041.0,78.0,677.0,883.0,413.0,91.0,412.0,171.0,1018.0,88.0
918.0,70.0,676.0,902.0,202.0,64.0,285.0,112.0,997.0,61.0
1100.0,67.0,787.0,852.0,221.0,65.0,329.0,93.0,1086.0,87.0
1395.0,97.0,863.0,1030.0,271.0,65.0,384.0,126.0,1214.0,78.0
1379.0,69.0,925.0,963.0,241.0,62.0,392.0,170.0,1233.0,82.0
1308.0,85.0,913.0,825.0,288.0,98.0,410.0,183.0,1401.0,100.0
1113.0,92.0,905.0,1056.0,248.0,78.0,463.0,173.0,1338.0,78.0
1212.0,92.0,873.0,958.0,430.0,72.0,561.0,167.0,1264.0,97.0
1143.0,62.0,922.0,955.0,430.0,74.0,480.0,141.0,1244.0,83.0
1278.0,60.0,901.0,1041.0,311.0,61.0,398.0,145.0,1375.0,74.0
1101.0,59.0,811.0,909.0,334.0,47.0,339.0,144.0,1194.0,74.0
940.0,75.0,658.0,887.0,418.0,72.0,351.0,133.0,941.0,76.0
1157.0,116.0,754.0,956.0,425.0,96.0,455.0,161.0,1142.0,133.0
1018.0,60.0,649.0,849.0,245.0,41.0,343.0,122.0,1060.0,102.0
1209.0,78.0,773.0,955.0,268.0,61.0,359.0,118.0,1056.0,69.0
1246.0,85.0,898.0,1028.0,337.0,62.0,351.0,150.0,1356.0,79.0
1413.0,78.0,898.0,971.0,279.0,43.0,400.0,148.0,1363.0,73.0
1381.0,80.0,1047.0,939.0,331.0,68.0,423.0,170.0,1485.0,91.0
1210.0,76.0,936.0,1092.0,316.0,65.0,495.0,143.0,1376.0,83.0
1274.0,89.0,916.0,1046.0,435.0,68.0,581.0,160.0,1344.0,67.0
1168.0,60.0,943.0,1100.0,375.0,68.0,506.0,128.0,1259.0,82.0
1289.0,74.0,900.0,1069.0,298.0,63.0,449.0,142.0,1282.0,76.0
1133.0,53.0,781.0,948.0,310.0,47.0,400.0,121.0,1166.0,66.0
844.0,67.0,703.0,956.0,411.0,55.0,370.0,162.0,905.0,90.0
1139.0,94.0,827.0,985.0,420.0,76.0,479.0,201.0,1191.0,95.0
894.0,58.0,658.0,1062.0,281.0,64.0,341.0,124.0,1004.0,75.0
1127.0,55.0,793.0,1024.0,241.0,68.0,381.0,129.0,1130.0,83.0
1252.0,67.0,1005.0,1192.0,272.0,66.0,452.0,128.0,1267.0,86.0
1416.0,95.0,1104.0,1063.0,248.0,54.0,456.0,137.0,1315.0,78.0
1524.0,79.0,1077.0,1028.0,343.0,63.0,465.0,160.0,1440.0,94.0
1333.0,55.0,981.0,1156.0,339.0,81.0,491.0,128.0,1373.0,91.0
1297.0,86.0,824.0,1164.0,470.0,70.0,584.0,154.0,1375.0,92.0
1211.0,73.0,920.0,1108.0,495.0,60.0,525.0,96.0,1286.0,73.0
1216.0,60.0,986.0,1149.0,310.0,53.0,477.0,131.0,1370.0,73.0
1060.0,55.0,730.0,1007.0,362.0,43.0,386.0,120.0,1206.0,62.0
862.0,71.0,574.0,1033.0,348.0,50.0,387.0,114.0,942.0,63.0
1109.0,100.0,773.0,1127.0,477.0,63.0,441.0,159.0,1194.0,99.0
1016.0,52.0,636.0,1061.0,202.0,46.0,356.0,109.0,1068.0,78.0
1208.0,63.0,778.0,1203.0,268.0,63.0,373.0,132.0,1190.0,86.0
1340.0,54.0,929.0,1262.0,244.0,81.0,475.0,122.0,1359.0,73.0
1588.0,69.0,1044.0,1189.0,232.0,54.0,474.0,123.0,1413.0,80.0
1486.0,90.0,1139.0,1194.0,340.0,80.0,499.0,143.0,1467.0,105.0
1285.0,73.0,1079.0,1277.0,314.0,69.0,520.0,120.0,1403.0,113.0
1419.0,69.0,933.0,1220.0,410.0,88.0,583.0,123.0,1510.0,66.0
1303.0,76.0,883.0,1307.0,422.0,70.0,517.0,106.0,1251.0,72.0
1339.0,68.0,889.0,1290.0,318.0,59.0,403.0,91.0,1478.0,86.0
1164.0,51.0,798.0,1196.0,326.0,46.0,347.0,128.0,1280.0,49.0
942.0,79.0,616.0,1122.0,377.0,49.0,392.0,123.0,982.0,62.0
1120.0,82.0,767.0,1217.0,366.0,55.0,465.0,157.0,1255.0,87.0
984.0,52.0,639.0,1093.0,179.0,66.0,328.0,124.0,960.0,65.0
1115.0,58.0,808.0,1183.0,214.0,44.0,456.0,121.0,1168.0,82.0
1407.0,52.0,1028.0,1197.0,298.0,48.0,439.0,114.0,1514.0,89.0
1434.0,66.0,1077.0,1244.0,261.0,50.0,496.0,121.0,1426.0,64.0
1416.0,72.0,1142.0,1173.0,343.0,85.0,542.0,126.0,1512.0,88.0
1295.0,70.0,1065.0,1142.0,289.0,70.0,540.0,126.0,1458.0,116.0
1411.0,71.0,955.0,1323.0,407.0,55.0,659.0,134.0,1563.0,70.0
1290.0,66.0,944.0,1210.0,429.0,69.0,510.0,128.0,1399.0,66.0
1308.0,72.0,934.0,1283.0,365.0,61.0,500.0,111.0,1468.0,92.0
1192.0,52.0,838.0,1093.0,377.0,48.0,387.0,127.0,1201.0,74.0
919.0,83.0,664.0,1060.0,445.0,71.0,378.0,115.0,1017.0,87.0
1064.0,76.0,859.0,1229.0,451.0,66.0,494.0,180.0,1416.0,114.0
986.0,54.0,729.0,1134.0,253.0,35.0,371.0,115.0,1167.0,87.0
1017.0,80.0,747.0,1000.0,2706.0,45.0,346.0,104.0,1104.0,107.0
1065.4,80.5,777.3,1046.4,2539.7,46.9,360.8,107.7,1143.1,106.5
1113.8,81.1,807.5,1092.8,2373.3,48.7,375.6,111.5,1182.1,105.9
1162.2,81.6,837.8,1139.2,2207.0,50.6,390.4,115.2,1221.2,105.4
1210.6,82.1,868.1,1185.6,2040.7,52.5,405.2,118.9,1260.3,104.9
1259.0,82.7,898.3,1232.0,1874.3,54.3,420.0,122.7,1299.3,104.3
1307.4,83.2,928.6,1278.4,1708.0,56.2,434.8,126.4,1338.4,103.8
1355.8,83.7,958.9,1324.8,1541.7,58.1,449.6,130.1,1377.5,103.3
1404.2,84.3,989.1,1371.2,1375.3,59.9,464.4,133.9,1416.5,102.7
1452.6,84.8,1019.4,1417.6,1209.0,61.8,479.2,137.6,1455.6,102.2
1501.0,85.3,1049.7,1464.0,1042.7,63.7,494.0,141.3,1494.7,101.7
1549.4,85.9,1079.9,1510.4,876.3,65.5,508.8,145.1,1533.7,101.1
1597.8,86.4,1110.2,1556.8,710.0,67.4,523.6,148.8,1572.8,100.6
1646.2,86.9,1140.5,1603.2,543.7,69.3,538.4,152.5,1611.9,100.1
1694.6,87.5,1170.7,1649.6,377.3,71.1,553.2,156.3,1650.9,99.5
1743.0,88.0,1201.0,1696.0,211.0,73.0,568.0,160.0,1690.0,99.0
1598.0,80.0,1137.0,2074.0,217.0,68.0,641.0,143.0,1727.0,90.0
1480.0,87.0,977.0,1930.0,265.0,64.0,735.0,180.0,1699.0,83.0
1389.0,85.0,1051.0,1875.0,308.0,58.0,623.0,132.0,1503.0,74.0
1419.0,64.0,1077.0,1998.0,253.0,52.0,586.0,164.0,1692.0,80.0
1308.0,66.0,918.0,1868.0,274.0,55.0,549.0,133.0,1485.0,67.0
1061.0,94.0,728.0,1921.0,257.0,62.0,517.0,143.0,1118.0,103.0
1185.0,84.0,911.0,2015.0,317.0,84.0,593.0,208.0,1517.0,106.0
1058.0,43.0,857.0,2047.0,166.0,57.0,489.0,130.0,1334.0,65.0
1251.0,63.0,903.0,1986.0,141.0,62.0,494.0,125.0,1322.0,74.0
1389.0,66.0,1052.0,1927.0,234.0,48.0,632.0,135.0,1623.0,66.0
1536.0,67.0,1142.0,1903.0,187.0,44.0,575.0,122.0,1551.0,84.0
1657.0,70.0,1182.0,1814.0,276.0,47.0,587.0,193.0,1609.0,95.0
1457.0,53.0,1100.0,1957.0,219.0,60.0,668.0,129.0,1554.0,141.0
1483.0,92.0,911.0,1619.0,274.0,68.0,781.0,174.0,1724.0,92.0
1279.0,62.0,940.0,1705.0,324.0,50.0,614.0,110.0,1418.0,74.0
1307.0,65.0,908.0,1818.0,237.0,29.0,526.0,81.0,1595.0,68.0
1211.0,47.0,795.0,1637.0,212.0,42.0,457.0,93.0,1276.0,83.0
1001.0,69.0,629.0,1593.0,328.0,64.0,455.0,120.0,954.0,98.0
1245.0,58.0,847.0,1652.0,430.0,61.0,498.0,134.0,1456.0,79.0
1044.0,50.0,692.0,1598.0,177.0,29.0,386.0,123.0,1153.0,60.0
1137.0,38.0,868.0,1544.0,228.0,33.0,445.0,95.0,1154.0,86.0
1275.0,65.0,1066.0,1649.0,219.0,46.0,521.0,121.0,1252.0,68.0
1532.0,66.0,1054.0,1433.0,170.0,51.0,529.0,112.0,1368.0,60.0
1460.0,92.0,1066.0,1444.0,291.0,101.0,494.0,128.0,1474.0,55.0
1239.0,103.0,967.0,1583.0,275.0,45.0,571.0,139.0,1406.0,87.0
1336.0,57.0,936.0,1507.0,293.0,91.0,535.0,166.0,1317.0,84.0
1109.0,59.0,956.0,1539.0,281.0,62.0,538.0,99.0,1223.0,97.0
1264.0,41.0,893.0,1530.0,397.0,61.0,514.0,151.0,1425.0,54.0
1057.0,50.0,767.0,1348.0,264.0,80.0,445.0,101.0,1039.0,68.0
839.0,75.0,602.0,1398.0,418.0,84.0,405.0,110.0,836.0,72.0
1093.0,131.0,802.0,1494.0,377.0,73.0,456.0,162.0,1241.0,73.0
936.0,57.0,655.0,1422.0,219.0,64.0,360.0,92.0,1017.0,83.0
1035.0,72.0,812.0,1486.0,215.0,46.0,446.0,106.0,1101.0,76.0
1251.0,67.0,853.0,1365.0,255.0,49.0,509.0,140.0,1333.0,123.0
1485.0,74.0,965.0,1439.0,239.0,45.0,511.0,105.0,1311.0,52.0
1362.0,53.0,1037.0,1343.0,290.0,69.0,507.0,131.0,1246.0,98.0
1273.0,84.0,1060.0,1401.0,358.0,58.0,522.0,123.0,1432.0,86.0
1174.0,73.0,913.0,1360.0,318.0,59.0,636.0,129.0,1251.0,75.0
1137.0,54.0,897.0,1350.0,407.0,42.0,531.0,101.0,1247.0,60.0
1198.0,43.0,864.0,1246.0,232.0,50.0,436.0,105.0,1262.0,53.0
1093.0,48.0,755.0,1202.0,306.0,63.0,318.0,109.0,1107.0,54.0
868.0,73.0,556.0,1246.0,361.0,71.0,336.0,111.0,950.0,78.0
1066.0,64.0,761.0,1388.0,360.0,67.0,457.0,136.0,1191.0,122.0
917.0,34.0,652.0,1410.0,264.0,33.0,361.0,106.0,1013.0,67.0
1125.0,53.0,829.0,1270.0,167.0,50.0,429.0,66.0,1060.0,52.0
1336.0,63.0,910.0,1455.0,292.0,39.0,511.0,112.0,1398.0,84.0
1417.0,64.0,1063.0,1467.0,241.0,38.0,488.0,139.0,1480.0,81.0
1317.0,79.0,1053.0,1326.0,282.0,86.0,505.0,126.0,1371.0,110.0
1230.0,70.0,912.0,1353.0,358.0,66.0,514.0,70.0,1407.0,106.0
